,animal
0,0
1,0
2,1
3,1
4,0
5,1
6,0
7,0
8,0
9,0
10,1
11,1
12,1
13,0
14,0
15,0
16,0
17,1
18,1
19,0
20,1
21,0
22,1
23,1
24,0
25,0
26,1
27,1
28,1
29,0
30,1
31,1
32,1
33,1
34,1
35,1
36,1
37,1
38,1
39,1
40,1
41,1
42,0
43,0
44,1
45,1
46,1
47,1
48,1
49,1
50,0
51,1
52,1
53,1
54,1
55,1
56,1
57,0
58,0
59,0
60,1
61,0
62,0
63,1
64,1
65,0
66,1
67,1
68,1
69,1
70,1
71,0
72,1
73,0
74,0
75,1
76,1
77,1
78,1
79,0
80,0
81,0
82,0
83,1
84,1
85,0
86,0
87,1
88,1
89,1
90,0
91,1
92,1
93,1
94,1
95,1
96,0
97,1
98,1
99,1
100,1
101,1
102,1
103,1
104,0
105,1
106,0
107,0
108,1
109,1
110,1
111,1
112,0
113,1
114,1
115,1
116,0
117,0
118,1
119,0
120,0
121,0
122,0
123,1
124,0
125,1
126,1
127,1
128,1
129,1
130,0
131,1
132,1
133,1
134,1
135,1
136,0
137,1
138,0
139,0
140,0
141,1
142,0
143,1
144,1
145,0
146,0
147,1
148,0
149,0
150,1
151,1
152,1
153,1
154,1
155,1
156,0
157,1
158,0
159,0
160,0
161,1
162,0
163,1
164,0
165,0
166,0
167,1
168,0
169,0
170,0
171,0
172,1
173,0
174,1
175,0
176,0
177,0
178,0
179,1
180,0
181,1
182,1
183,1
184,1
185,1
186,1
187,0
188,1
189,0
190,0
191,0
192,0
193,1
194,1
195,1
196,1
197,0
198,1
199,1
200,0
201,0
202,0
203,1
204,0
205,1
206,0
207,1
208,0
209,1
210,1
211,0
212,0
213,0
214,0
215,0
216,0
217,1
218,0
219,0
220,0
221,0
222,1
223,1
224,0
225,1
226,1
227,1
228,0
229,0
230,1
231,0
232,1
233,0
234,1
235,0
236,1
237,1
238,1
239,0
240,1
241,0
242,1
243,0
244,1
245,0
246,0
247,1
248,1
249,0
250,1
251,1
252,1
253,0
254,0
255,1
256,0
257,0
258,1
259,1
260,0
261,1
262,0
263,0
264,0
265,1
266,1
267,0
268,0
269,0
270,0
271,0
272,1
273,1
274,1
275,0
276,1
277,1
278,1
279,1
280,1
281,1
282,0
283,1
284,0
285,1
286,0
287,0
288,0
289,0
290,1
291,1
292,1
293,0
294,1
295,1
296,1
297,0
298,0
299,0
300,1
301,1
302,1
303,1
304,0
305,1
306,1
307,0
308,1
309,0
310,1
311,1
312,0
313,0
314,1
315,1
316,0
317,0
318,1
319,0
320,1
321,1
322,0
323,1
324,1
325,0
326,0
327,0
328,1
329,1
330,1
331,1
332,0
333,1
334,1
335,0
336,0
337,1
338,0
339,1
340,1
341,1
342,1
343,1
344,1
345,0
346,0
347,0
348,1
349,0
350,1
351,1
352,1
353,1
354,1
355,1
356,1
357,1
358,0
359,1
360,1
361,0
362,0
363,1
364,1
365,0
366,0
367,1
368,0
369,0
370,1
371,1
372,1
373,0
374,0
375,0
376,1
377,0
378,0
379,1
380,0
381,0
382,0
383,0
384,0
385,0
386,0
387,1
388,1
389,0
390,0
391,1
392,1
393,1
394,0
395,1
396,0
397,1
398,0
399,0
400,1
401,1
402,0
403,0
404,1
405,1
406,1
407,1
408,1
409,0
410,1
411,1
412,1
413,1
414,0
415,0
416,0
417,1
418,0
419,1
420,0
421,1
422,1
423,0
424,0
425,1
426,0
427,1
428,0
429,1
430,0
431,1
432,1
433,0
434,1
435,1
436,1
437,1
438,0
439,1
440,1
441,0
442,0
443,1
444,1
445,1
446,1
447,0
448,1
449,0
450,1
451,1
452,1
453,1
454,0
455,1
456,1
457,1
458,1
459,0
460,1
461,1
462,1
463,1
464,0
465,1
466,0
467,0
468,0
469,1
470,1
471,1
472,1
473,1
474,0
475,1
476,0
477,0
478,0
479,0
480,1
481,1
482,0
483,1
484,0
485,1
486,1
487,1
488,0
489,0
490,1
491,1
492,0
493,0
494,1
495,0
496,1
497,0
498,1
499,1
500,0
501,1
502,1
503,0
504,1
505,1
506,0
507,0
508,1
509,0
510,1
511,0
512,1
513,1
514,1
515,1
516,0
517,1
518,0
519,0
520,1
521,1
522,1
523,1
524,1
525,1
526,1
527,0
528,1
529,0
530,1
531,0
532,1
533,1
534,1
535,1
536,1
537,1
538,1
539,1
540,0
541,0
542,0
543,1
544,1
545,1
546,0
547,0
548,1
549,0
550,0
551,1
552,1
553,0
554,0
555,1
556,1
557,1
558,0
559,1
560,0
561,1
562,0
563,0
564,0
565,1
566,1
567,0
568,1
569,0
570,1
571,1
572,1
573,1
574,1
575,1
576,1
577,1
578,1
579,0
580,1
581,0
582,0
583,0
584,1
585,1
586,1
587,1
588,1
589,0
590,0
591,1
592,1
593,1
594,1
595,1
596,0
597,0
598,0
599,1
600,1
601,1
602,1
603,0
604,0
605,0
606,1
607,0
608,0
609,1
610,1
611,1
612,0
613,1
614,1
615,0
616,1
617,0
618,1
619,1
620,1
621,1
622,0
623,1
624,1
625,0
626,0
627,1
628,1
629,1
630,0
631,1
632,0
633,1
634,1
635,1
636,1
637,1
638,1
639,0
640,1
641,1
642,0
643,1
644,1
645,1
646,1
647,0
648,1
649,0
650,1
651,1
652,1
653,0
654,0
655,1
656,1
657,1
658,1
659,1
660,1
661,1
662,1
663,1
664,1
665,1
666,1
667,0
668,0
669,1
670,0
671,1
672,1
673,1
674,0
675,1
676,1
677,0
678,0
679,1
680,0
681,1
682,1
683,1
684,0
685,0
686,1
687,1
688,1
689,1
690,0
691,1
692,1
693,1
694,0
695,1
696,1
697,1
698,1
699,1
700,1
701,1
702,1
703,1
704,0
705,1
706,0
707,1
708,0
709,0
710,1
711,0
712,1
713,0
714,0
715,1
716,1
717,0
718,1
719,1
720,1
721,1
722,1
723,0
724,0
725,1
726,1
727,0
728,1
729,1
730,1
731,0
732,0
733,1
734,1
735,1
736,0
737,1
738,1
739,1
740,1
741,0
742,1
743,0
744,0
745,1
746,1
747,0
748,1
749,0
750,1
751,1
752,1
753,1
754,1
755,1
756,1
757,1
758,1
759,1
760,1
761,1
762,1
763,0
764,1
765,0
766,1
767,1
768,1
769,1
770,1
771,1
772,0
773,0
774,1
775,1
776,0
777,1
778,1
779,1
780,1
781,1
782,0
783,1
784,1
785,1
786,0
787,1
788,0
789,0
790,1
791,1
792,1
793,0
794,0
795,1
796,0
797,1
798,1
799,0
800,0
801,0
802,0
803,1
804,1
805,0
806,0
807,1
808,0
809,0
810,0
811,1
812,1
813,1
814,1
815,1
816,1
817,1
818,0
819,0
820,1
821,1
822,0
823,0
824,1
825,1
826,0
827,1
828,1
829,1
830,0
831,0
832,1
833,1
834,1
835,0
836,1
837,1
838,1
839,0
840,0
841,0
842,0
843,1
844,1
845,1
846,1
847,0
848,1
849,0
850,0
851,1
852,0
853,0
854,1
855,0
856,1
857,0
858,0
859,1
860,0
861,0
862,0
863,0
864,1
865,1
866,1
867,0
868,1
869,0
870,1
871,1
872,0
873,1
874,0
875,1
876,1
877,1
878,1
879,1
880,1
881,0
882,0
883,0
884,0
885,1
886,0
887,0
888,1
889,1
890,1
891,1
892,1
893,1
894,0
895,1
896,0
897,0
898,1
899,1
900,1
901,0
902,1
903,0
904,0
905,1
906,0
907,0
908,0
909,0
910,1
911,0
912,1
913,1
914,1
915,1
916,1
917,1
918,1
919,1
920,1
921,1
922,0
923,1
924,1
925,1
926,1
927,0
928,1
929,1
930,1
931,1
932,0
933,1
934,0
935,0
936,1
937,0
938,1
939,1
940,0
941,1
942,1
943,1
944,1
945,1
946,1
947,1
948,1
949,1
950,0
951,0
952,0
953,1
954,1
955,1
956,1
957,1
958,1
959,1
960,0
961,1
962,1
963,0
964,1
965,0
966,1
967,0
968,0
969,1
970,0
971,0
972,1
973,0
974,1
975,0
976,1
977,0
978,1
979,0
980,1
981,1
982,0
983,1
984,1
985,0
986,1
987,0
988,1
989,1
990,1
991,1
992,1
993,1
994,1
995,1
996,1
997,0
998,1
999,1
1000,1
1001,1
1002,1
1003,0
1004,1
1005,0
1006,0
1007,1
1008,1
1009,1
1010,1
1011,1
1012,0
1013,1
1014,1
1015,0
1016,1
1017,1
1018,1
1019,0
1020,0
1021,1
1022,1
1023,1
1024,0
1025,0
1026,0
1027,1
1028,0
1029,0
1030,0
1031,0
1032,1
1033,0
1034,0
1035,1
1036,0
1037,1
1038,0
1039,0
1040,1
1041,0
1042,1
1043,0
1044,0
1045,0
1046,0
1047,1
1048,1
1049,1
1050,1
1051,1
1052,1
1053,0
1054,1
1055,1
1056,0
1057,1
1058,1
1059,1
1060,0
1061,0
1062,1
1063,0
1064,1
1065,1
1066,1
1067,1
1068,0
1069,1
1070,0
1071,1
1072,1
1073,0
1074,1
1075,0
1076,1
1077,1
1078,1
1079,1
1080,1
1081,1
1082,0
1083,1
1084,1
1085,1
1086,0
1087,0
1088,1
1089,1
1090,0
1091,1
1092,0
1093,1
1094,1
1095,0
1096,0
1097,0
1098,0
1099,0
1100,1
1101,1
1102,1
1103,1
1104,1
1105,0
1106,1
1107,0
1108,1
1109,0
1110,1
1111,0
1112,0
1113,0
1114,0
1115,1
1116,0
1117,0
1118,0
1119,0
1120,1
1121,0
1122,0
1123,1
1124,1
1125,0
1126,0
1127,0
1128,1
1129,1
1130,1
1131,1
1132,0
1133,0
1134,1
1135,0
1136,1
1137,0
1138,1
1139,0
1140,1
1141,1
1142,1
1143,0
1144,1
1145,0
1146,0
1147,0
1148,1
1149,1
1150,0
1151,0
1152,0
1153,1
1154,1
1155,0
1156,1
1157,1
1158,1
1159,1
1160,0
1161,1
1162,0
1163,1
1164,1
1165,0
1166,1
1167,1
1168,1
1169,0
1170,0
1171,0
1172,1
1173,0
1174,1
1175,1
1176,0
1177,1
1178,0
1179,1
1180,1
1181,1
1182,1
1183,1
1184,1
1185,1
1186,1
1187,0
1188,0
1189,1
1190,1
1191,0
1192,0
1193,1
1194,1
1195,0
1196,0
1197,1
1198,0
1199,1
1200,1
1201,1
1202,1
1203,0
1204,1
1205,0
1206,1
1207,1
1208,0
1209,1
1210,1
1211,0
1212,1
1213,1
1214,1
1215,0
1216,0
1217,1
1218,0
1219,0
1220,1
1221,0
1222,0
1223,1
1224,1
1225,1
1226,0
1227,0
1228,1
1229,1
1230,1
1231,1
1232,1
1233,1
1234,1
1235,0
1236,0
1237,0
1238,1
1239,0
1240,0
1241,0
1242,1
1243,0
1244,1
1245,0
1246,1
1247,1
1248,1
1249,0
1250,1
1251,0
1252,0
1253,1
1254,1
1255,0
1256,1
1257,0
1258,1
1259,0
1260,0
1261,0
1262,1
1263,0
1264,1
1265,1
1266,1
1267,1
1268,1
1269,0
1270,1
1271,1
1272,1
1273,1
1274,1
1275,1
1276,0
1277,0
1278,1
1279,0
1280,1
1281,1
1282,0
1283,1
1284,1
1285,1
1286,1
1287,1
1288,0
1289,1
1290,0
1291,1
1292,1
1293,0
1294,0
1295,1
1296,1
1297,1
1298,0
1299,1
1300,1
1301,0
1302,1
1303,0
1304,1
1305,0
1306,1
1307,1
1308,1
1309,0
1310,1
1311,1
1312,1
1313,1
1314,0
1315,1
1316,1
1317,0
1318,1
1319,1
1320,1
1321,1
1322,1
1323,1
1324,1
1325,1
1326,0
1327,0
1328,0
1329,0
1330,1
1331,1
1332,0
1333,1
1334,1
1335,1
1336,1
1337,1
1338,0
1339,0
1340,0
1341,0
1342,1
1343,1
1344,1
1345,1
1346,1
1347,1
1348,0
1349,1
1350,0
1351,0
1352,0
1353,0
1354,1
1355,1
1356,0
1357,0
1358,1
1359,1
1360,1
1361,1
1362,0
1363,1
1364,0
1365,1
1366,0
1367,1
1368,0
1369,1
1370,0
1371,0
1372,0
1373,1
1374,1
1375,1
1376,1
1377,0
1378,0
1379,1
1380,1
1381,1
1382,1
1383,1
1384,1
1385,1
1386,0
1387,1
1388,1
1389,0
1390,1
1391,1
1392,0
1393,0
1394,0
1395,1
1396,1
1397,0
1398,1
1399,1
1400,1
1401,1
1402,0
1403,0
1404,0
1405,1
1406,1
1407,0
1408,1
1409,1
1410,0
1411,1
1412,0
1413,0
1414,1
1415,0
1416,1
1417,0
1418,1
1419,1
1420,1
1421,1
1422,1
1423,1
1424,1
1425,0
1426,1
1427,1
1428,0
1429,1
1430,1
1431,0
1432,0
1433,1
1434,1
1435,1
1436,1
1437,1
1438,1
1439,0
1440,0
1441,1
1442,0
1443,0
1444,1
1445,0
1446,1
1447,1
1448,1
1449,1
1450,1
1451,0
1452,1
1453,1
1454,1
1455,0
1456,1
1457,0
1458,0
1459,0
1460,1
1461,0
1462,0
1463,1
1464,0
1465,0
1466,0
1467,0
1468,1
1469,0
1470,0
1471,1
1472,0
1473,0
1474,1
1475,1
1476,0
1477,1
1478,0
1479,1
1480,1
1481,0
1482,1
1483,0
1484,1
1485,1
1486,1
1487,1
1488,0
1489,0
1490,1
1491,0
1492,1
1493,0
1494,0
1495,1
1496,0
1497,0
1498,1
1499,1
1500,1
1501,0
1502,1
1503,0
1504,1
1505,1
1506,1
1507,0
1508,1
1509,1
1510,1
1511,1
1512,0
1513,1
1514,0
1515,0
1516,0
1517,1
1518,0
1519,0
1520,0
1521,1
1522,0
1523,1
1524,1
1525,1
1526,1
1527,1
1528,1
1529,1
1530,0
1531,1
1532,1
1533,0
1534,0
1535,1
1536,1
1537,1
1538,1
1539,1
1540,1
1541,1
1542,1
1543,1
1544,1
1545,1
1546,1
1547,1
1548,1
1549,0
1550,0
1551,0
1552,1
1553,1
1554,1
1555,1
1556,1
1557,1
1558,1
1559,1
1560,1
1561,1
1562,1
1563,1
1564,0
1565,0
1566,0
1567,1
1568,0
1569,1
1570,1
1571,1
1572,1
1573,1
1574,0
1575,1
1576,1
1577,1
1578,0
1579,1
1580,1
1581,0
1582,0
1583,0
1584,1
1585,0
1586,1
1587,1
1588,1
1589,0
1590,1
1591,1
1592,1
1593,0
1594,1
1595,1
1596,0
1597,0
1598,1
1599,1
1600,1
1601,0
1602,1
1603,1
1604,1
1605,1
1606,1
1607,0
1608,1
1609,0
1610,1
1611,1
1612,1
1613,1
1614,1
1615,1
1616,0
1617,1
1618,1
1619,1
1620,0
1621,0
1622,1
1623,1
1624,0
1625,0
1626,1
1627,1
1628,0
1629,1
1630,0
1631,0
1632,1
1633,0
1634,1
1635,1
1636,0
1637,1
1638,1
1639,1
1640,1
1641,1
1642,1
1643,0
1644,0
1645,0
1646,1
1647,1
1648,1
1649,1
1650,0
1651,0
1652,0
1653,1
1654,0
1655,1
1656,1
1657,1
1658,1
1659,1
1660,1
1661,1
1662,0
1663,1
1664,0
1665,1
1666,1
1667,1
1668,1
1669,0
1670,1
1671,1
1672,1
1673,0
1674,1
1675,0
1676,1
1677,1
1678,0
1679,1
1680,0
1681,1
1682,0
1683,0
1684,0
1685,1
1686,1
1687,1
1688,0
1689,1
1690,1
1691,0
1692,1
1693,1
1694,1
1695,1
1696,1
1697,0
1698,1
1699,0
1700,1
1701,1
1702,0
1703,0
1704,1
1705,1
1706,1
1707,0
1708,1
1709,1
1710,1
1711,1
1712,1
1713,0
1714,0
1715,1
1716,1
1717,1
1718,1
1719,1
1720,1
1721,1
1722,1
1723,0
1724,1
1725,0
1726,0
1727,0
1728,1
1729,1
1730,1
1731,0
1732,0
1733,1
1734,1
1735,1
1736,1
1737,1
1738,0
1739,1
1740,1
1741,0
1742,0
1743,1
1744,1
1745,1
1746,1
1747,1
1748,0
1749,0
1750,1
1751,1
1752,1
1753,0
1754,0
1755,1
1756,0
1757,1
1758,1
1759,0
1760,1
1761,0
1762,0
1763,1
1764,0
1765,0
1766,1
1767,0
1768,0
1769,0
1770,1
1771,1
1772,0
1773,1
1774,1
1775,0
1776,0
1777,1
1778,1
1779,1
1780,0
1781,0
1782,1
1783,1
1784,1
1785,1
1786,1
1787,0
1788,0
1789,1
1790,1
1791,1
1792,0
1793,0
1794,1
1795,1
1796,1
1797,0
1798,1
1799,1
1800,0
1801,0
1802,1
1803,1
1804,1
1805,1
1806,0
1807,1
1808,0
1809,1
1810,0
1811,1
1812,0
1813,1
1814,0
1815,1
1816,0
1817,1
1818,1
1819,1
1820,0
1821,0
1822,1
1823,1
1824,1
1825,1
1826,0
1827,1
1828,0
1829,0
1830,0
1831,1
1832,0
1833,1
1834,1
1835,1
1836,1
1837,0
1838,1
1839,1
1840,0
1841,1
1842,1
1843,0
1844,1
1845,1
1846,1
1847,0
1848,1
1849,1
1850,1
1851,1
1852,0
1853,1
1854,0
1855,1
1856,1
1857,0
1858,1
1859,1
1860,1
1861,1
1862,1
1863,1
1864,1
1865,1
1866,0
1867,0
1868,0
1869,1
1870,0
1871,0
1872,1
1873,1
1874,0
1875,1
1876,1
1877,1
1878,1
1879,1
1880,0
1881,1
1882,1
1883,1
1884,0
1885,1
1886,1
1887,0
1888,0
1889,0
1890,1
1891,0
1892,0
1893,0
1894,1
1895,0
1896,1
1897,1
1898,0
1899,1
1900,1
1901,0
1902,0
1903,1
1904,1
1905,0
1906,0
1907,1
1908,1
1909,1
1910,1
1911,1
1912,1
1913,0
1914,0
1915,1
1916,0
1917,0
1918,0
1919,1
1920,1
1921,0
1922,1
1923,0
1924,1
1925,0
1926,1
1927,1
1928,0
1929,1
1930,1
1931,1
1932,0
1933,1
1934,1
1935,0
1936,1
1937,1
1938,1
1939,1
1940,0
1941,1
1942,1
1943,0
1944,0
1945,1
1946,1
1947,0
1948,1
1949,1
1950,1
1951,1
1952,1
1953,0
1954,0
1955,0
1956,1
1957,1
1958,1
1959,1
1960,0
1961,0
1962,0
1963,0
1964,0
1965,0
1966,0
1967,0
1968,0
1969,0
1970,1
1971,1
1972,1
1973,0
1974,1
1975,1
1976,0
1977,1
1978,0
1979,1
1980,1
1981,1
1982,0
1983,0
1984,0
1985,1
1986,1
1987,1
1988,0
1989,1
1990,0
1991,1
1992,1
1993,1
1994,0
1995,1
1996,1
1997,1
1998,0
1999,1
2000,1
2001,1
2002,1
2003,0
2004,1
2005,1
2006,1
2007,1
2008,1
2009,0
2010,1
2011,1
2012,0
2013,0
2014,0
2015,0
2016,0
2017,0
2018,0
2019,0
2020,1
2021,0
2022,1
2023,1
2024,0
2025,0
2026,1
2027,1
2028,1
2029,1
2030,0
2031,0
2032,1
2033,0
2034,1
2035,0
2036,0
2037,1
2038,0
2039,1
2040,1
2041,0
2042,0
2043,1
2044,1
2045,0
2046,1
2047,1
2048,0
2049,1
2050,0
2051,1
2052,1
2053,1
2054,0
2055,1
2056,1
2057,1
2058,0
2059,1
2060,0
2061,1
2062,1
2063,0
2064,0
2065,1
2066,1
2067,0
2068,1
2069,1
2070,0
2071,0
2072,1
2073,0
2074,1
2075,1
2076,1
2077,0
2078,0
2079,1
2080,1
2081,1
2082,1
2083,0
2084,0
2085,1
2086,0
2087,1
2088,1
2089,1
2090,1
2091,0
2092,1
2093,1
2094,1
2095,0
2096,1
2097,1
2098,0
2099,0
2100,1
2101,1
2102,0
2103,0
2104,1
2105,1
2106,1
2107,1
2108,1
2109,1
2110,0
2111,0
2112,1
2113,1
2114,1
2115,0
2116,1
2117,1
2118,1
2119,0
2120,0
2121,1
2122,0
2123,1
2124,1
2125,1
2126,1
2127,1
2128,1
2129,1
2130,1
2131,0
2132,1
2133,1
2134,0
2135,0
2136,1
2137,0
2138,0
2139,0
2140,1
2141,0
2142,1
2143,1
2144,0
2145,0
2146,1
2147,1
2148,1
2149,1
2150,0
2151,1
2152,1
2153,0
2154,0
2155,1
2156,1
2157,0
2158,0
2159,1
2160,1
2161,0
2162,1
2163,1
2164,1
2165,0
2166,1
2167,1
2168,0
2169,1
2170,0
2171,1
2172,0
2173,1
2174,0
2175,1
2176,1
2177,0
2178,0
2179,1
2180,0
2181,0
2182,1
2183,1
2184,1
2185,0
2186,1
2187,1
2188,1
2189,1
2190,0
2191,1
2192,1
2193,1
2194,0
2195,0
2196,0
2197,0
2198,0
2199,1
2200,1
2201,1
2202,1
2203,0
2204,1
2205,1
2206,0
2207,1
2208,1
2209,1
2210,0
2211,1
2212,0
2213,0
2214,1
2215,0
2216,0
2217,1
2218,1
2219,0
2220,0
2221,0
2222,1
2223,1
2224,1
2225,1
2226,0
2227,0
2228,1
2229,0
2230,1
2231,1
2232,1
2233,1
2234,1
2235,0
2236,0
2237,1
2238,0
2239,0
2240,1
2241,1
2242,0
2243,1
2244,0
2245,1
2246,1
2247,1
2248,1
2249,1
2250,0
2251,1
2252,1
2253,0
2254,1
2255,1
2256,0
2257,1
2258,0
2259,1
2260,1
2261,1
2262,0
2263,1
2264,1
2265,1
2266,0
2267,1
2268,0
2269,1
2270,1
2271,1
2272,1
2273,1
2274,1
2275,1
2276,1
2277,0
2278,0
2279,1
2280,1
2281,1
2282,1
2283,0
2284,1
2285,0
2286,1
2287,1
2288,0
2289,0
2290,0
2291,0
2292,1
2293,1
2294,0
2295,1
2296,0
2297,0
2298,1
2299,1
2300,1
2301,1
2302,0
2303,1
2304,1
2305,1
2306,1
2307,1
2308,1
2309,1
2310,1
2311,0
2312,0
2313,0
2314,0
2315,1
2316,1
2317,1
2318,1
2319,0
2320,0
2321,1
2322,1
2323,0
2324,1
2325,1
2326,0
2327,0
2328,1
2329,1
2330,1
2331,1
2332,1
2333,0
2334,1
2335,0
2336,1
2337,1
2338,1
2339,1
2340,1
2341,1
2342,1
2343,0
2344,1
2345,1
2346,1
2347,1
2348,1
2349,1
2350,0
2351,1
2352,0
2353,1
2354,1
2355,1
2356,1
2357,0
2358,1
2359,0
2360,1
2361,0
2362,1
2363,1
2364,1
2365,1
2366,1
2367,1
2368,1
2369,0
2370,0
2371,0
2372,0
2373,0
2374,1
2375,1
2376,0
2377,0
2378,0
2379,0
2380,1
2381,0
2382,0
2383,0
2384,1
2385,0
2386,1
2387,1
2388,1
2389,1
2390,0
2391,1
2392,0
2393,0
2394,1
2395,0
2396,1
2397,1
2398,1
2399,0
2400,1
2401,1
2402,0
2403,0
2404,1
2405,1
2406,0
2407,1
2408,1
2409,1
2410,1
2411,1
2412,1
2413,0
2414,1
2415,0
2416,0
2417,1
2418,0
2419,0
2420,1
2421,1
2422,1
2423,0
2424,1
2425,0
2426,0
2427,0
2428,0
2429,1
2430,1
2431,0
2432,1
2433,1
2434,1
2435,1
2436,1
2437,1
2438,1
2439,1
2440,1
2441,0
2442,0
2443,1
2444,1
2445,1
2446,1
2447,0
2448,0
2449,1
2450,1
2451,0
2452,1
2453,1
2454,1
2455,1
2456,0
2457,1
2458,0
2459,1
2460,1
2461,1
2462,1
2463,1
2464,1
2465,1
2466,0
2467,0
2468,0
2469,1
2470,0
2471,1
2472,1
2473,0
2474,1
2475,1
2476,1
2477,1
2478,1
2479,1
2480,0
2481,1
2482,1
2483,1
2484,1
2485,0
2486,1
2487,0
2488,1
2489,0
2490,0
2491,1
2492,0
2493,0
2494,1
2495,1
2496,0
2497,0
2498,1
2499,0
2500,0
2501,1
2502,0
2503,0
2504,0
2505,1
2506,0
2507,1
2508,1
2509,1
2510,1
2511,1
2512,1
2513,1
2514,0
2515,1
2516,1
2517,0
2518,1
2519,1
2520,0
2521,1
2522,1
2523,1
2524,1
2525,1
2526,1
2527,1
2528,0
2529,1
2530,1
2531,1
2532,0
2533,1
2534,1
2535,1
2536,0
2537,1
2538,1
2539,0
2540,1
2541,0
2542,0
2543,1
2544,0
2545,1
2546,1
2547,1
2548,1
2549,0
2550,0
2551,0
2552,1
2553,1
2554,0
2555,1
2556,1
2557,0
2558,1
2559,1
2560,1
2561,1
2562,1
2563,0
2564,1
2565,0
2566,0
2567,0
2568,1
2569,1
2570,1
2571,1
2572,1
2573,0
2574,0
2575,0
2576,0
2577,1
2578,0
2579,0
2580,1
2581,0
2582,1
2583,0
2584,0
2585,1
2586,1
2587,1
2588,1
2589,0
2590,1
2591,1
2592,1
2593,1
2594,0
2595,1
2596,0
2597,0
2598,1
2599,1
2600,0
2601,0
2602,1
2603,0
2604,0
2605,1
2606,1
2607,1
2608,0
2609,0
2610,1
2611,1
2612,1
2613,0
2614,1
2615,1
2616,0
2617,0
2618,1
2619,1
2620,1
2621,1
2622,0
2623,1
2624,1
2625,1
2626,1
2627,0
2628,0
2629,1
2630,1
2631,0
2632,1
2633,0
2634,0
2635,1
2636,0
2637,1
2638,1
2639,0
2640,0
2641,1
2642,1
2643,1
2644,1
2645,1
2646,1
2647,1
2648,0
2649,0
2650,1
2651,1
2652,0
2653,0
2654,0
2655,1
2656,0
2657,0
2658,0
2659,1
2660,1
2661,1
2662,0
2663,0
2664,1
2665,1
2666,1
2667,1
2668,1
2669,0
2670,1
2671,0
2672,0
2673,0
2674,0
2675,0
2676,1
2677,1
2678,1
2679,0
2680,1
2681,1
2682,0
2683,1
2684,1
2685,0
2686,1
2687,0
2688,1
2689,1
2690,0
2691,1
2692,1
2693,1
2694,0
2695,1
2696,0
2697,0
2698,1
2699,1
2700,0
2701,0
2702,1
2703,1
2704,1
2705,1
2706,1
2707,0
2708,1
2709,0
2710,0
2711,0
2712,1
2713,0
2714,1
2715,1
2716,0
2717,1
2718,0
2719,1
2720,1
2721,1
2722,1
2723,1
2724,1
2725,0
2726,0
2727,1
2728,0
2729,1
2730,0
2731,1
2732,1
2733,1
2734,0
2735,0
2736,0
2737,1
2738,1
2739,0
2740,1
2741,1
2742,0
2743,1
2744,1
2745,1
2746,0
2747,1
2748,0
2749,0
2750,0
2751,0
2752,1
2753,0
2754,1
2755,1
2756,1
2757,1
2758,1
2759,1
2760,0
2761,1
2762,1
2763,1
2764,1
2765,0
2766,0
2767,1
2768,0
2769,1
2770,1
2771,0
2772,0
2773,0
2774,1
2775,0
2776,1
2777,1
2778,0
2779,1
2780,1
2781,1
2782,1
2783,0
2784,1
2785,1
2786,1
2787,0
2788,1
2789,1
2790,0
2791,0
2792,0
2793,0
2794,1
2795,0
2796,0
2797,1
2798,0
2799,1
2800,1
2801,0
2802,1
2803,0
2804,0
2805,1
2806,1
2807,1
2808,1
2809,0
2810,1
2811,0
2812,0
2813,1
2814,0
2815,1
2816,0
2817,1
2818,1
2819,1
2820,1
2821,0
2822,0
2823,0
2824,0
2825,1
2826,0
2827,0
2828,1
2829,1
2830,0
2831,0
2832,1
2833,1
2834,0
2835,0
2836,1
2837,1
2838,1
2839,0
2840,1
2841,0
2842,0
2843,1
2844,1
2845,0
2846,1
2847,1
2848,0
2849,0
2850,0
2851,1
2852,1
2853,1
2854,1
2855,0
2856,1
2857,1
2858,0
2859,1
2860,1
2861,0
2862,0
2863,1
2864,1
2865,0
2866,0
2867,0
2868,0
2869,1
2870,0
2871,1
2872,1
2873,0
2874,1
2875,1
2876,1
2877,1
2878,1
2879,0
2880,0
2881,1
2882,1
2883,1
2884,1
2885,1
2886,0
2887,0
2888,1
2889,0
2890,1
2891,0
2892,1
2893,1
2894,0
2895,1
2896,1
2897,1
2898,1
2899,1
2900,0
2901,1
2902,1
2903,1
2904,1
2905,1
2906,1
2907,1
2908,0
2909,1
2910,0
2911,1
2912,1
2913,1
2914,1
2915,0
2916,0
2917,1
2918,0
2919,1
2920,0
2921,1
2922,1
2923,1
2924,0
2925,1
2926,1
2927,0
2928,0
2929,1
2930,1
2931,1
2932,0
2933,0
2934,1
2935,0
2936,0
2937,1
2938,1
2939,0
2940,1
2941,0
2942,0
2943,1
2944,1
2945,1
2946,1
2947,1
2948,1
2949,1
2950,1
2951,1
2952,0
2953,0
2954,0
2955,1
2956,1
2957,0
2958,1
2959,1
2960,1
2961,1
2962,1
2963,0
2964,0
2965,0
2966,1
2967,1
2968,0
2969,1
2970,1
2971,0
2972,0
2973,0
2974,1
2975,1
2976,0
2977,0
2978,1
2979,1
2980,1
2981,1
2982,0
2983,1
2984,0
2985,1
2986,0
2987,1
2988,0
2989,0
2990,1
2991,1
2992,1
2993,1
2994,0
2995,0
2996,1
2997,1
2998,1
2999,1
3000,1
3001,1
3002,0
3003,0
3004,0
3005,1
3006,1
3007,0
3008,0
3009,0
3010,1
3011,0
3012,1
3013,1
3014,1
3015,1
3016,0
3017,1
3018,0
3019,0
3020,0
3021,1
3022,0
3023,0
3024,1
3025,0
3026,1
3027,1
3028,1
3029,1
3030,0
3031,0
3032,0
3033,1
3034,0
3035,1
3036,1
3037,1
3038,0
3039,0
3040,1
3041,1
3042,1
3043,1
3044,1
3045,1
3046,1
3047,1
3048,1
3049,1
3050,1
3051,1
3052,1
3053,0
3054,1
3055,1
3056,0
3057,0
3058,0
3059,1
3060,0
3061,1
3062,1
3063,1
3064,1
3065,0
3066,0
3067,1
3068,1
3069,1
3070,1
3071,0
3072,1
3073,1
3074,0
3075,1
3076,1
3077,1
3078,1
3079,1
3080,0
3081,0
3082,0
3083,1
3084,1
3085,0
3086,0
3087,0
3088,0
3089,1
3090,1
3091,0
3092,0
3093,1
3094,1
3095,1
3096,1
3097,0
3098,1
3099,0
3100,0
3101,1
3102,1
3103,0
3104,1
3105,0
3106,0
3107,1
3108,1
3109,0
3110,1
3111,0
3112,1
3113,1
3114,0
3115,1
3116,1
3117,0
3118,1
3119,0
3120,1
3121,1
3122,1
3123,0
3124,0
3125,1
3126,0
3127,1
3128,0
3129,1
3130,1
3131,1
3132,1
3133,0
3134,1
3135,1
3136,1
3137,1
3138,1
3139,0
3140,1
3141,1
3142,0
3143,0
3144,1
3145,1
3146,1
3147,1
3148,1
3149,1
3150,0
3151,1
3152,1
3153,0
3154,1
3155,1
3156,1
3157,1
3158,0
3159,1
3160,0
3161,0
3162,1
3163,1
3164,1
3165,0
3166,0
3167,1
3168,1
3169,0
3170,1
3171,1
3172,0
3173,0
3174,0
3175,1
3176,1
3177,1
3178,0
3179,1
3180,0
3181,0
3182,0
3183,1
3184,1
3185,1
3186,1
3187,1
3188,0
3189,0
3190,1
3191,1
3192,0
3193,1
3194,1
3195,1
3196,0
3197,0
3198,0
3199,1
3200,1
3201,1
3202,1
3203,0
3204,1
3205,0
3206,1
3207,0
3208,1
3209,1
3210,1
3211,1
3212,0
3213,1
3214,0
3215,1
3216,0
3217,1
3218,1
3219,0
3220,0
3221,1
3222,0
3223,0
3224,1
3225,1
3226,0
3227,1
3228,0
3229,1
3230,1
3231,1
3232,0
3233,1
3234,1
3235,1
3236,1
3237,1
3238,0
3239,0
3240,0
3241,0
3242,1
3243,1
3244,1
3245,1
3246,0
3247,1
3248,0
3249,0
3250,1
3251,0
3252,0
3253,1
3254,1
3255,0
3256,1
3257,0
3258,0
3259,0
3260,0
3261,0
3262,1
3263,0
3264,1
3265,1
3266,1
3267,0
3268,1
3269,1
3270,0
3271,1
3272,0
3273,1
3274,0
3275,1
3276,1
3277,1
3278,1
3279,1
3280,1
3281,1
3282,0
3283,1
3284,1
3285,1
3286,1
3287,1
3288,0
3289,1
3290,1
3291,0
3292,0
3293,1
3294,1
3295,1
3296,1
3297,1
3298,1
3299,1
3300,1
3301,0
3302,1
3303,1
3304,1
3305,0
3306,0
3307,0
3308,0
3309,0
3310,1
3311,1
3312,1
3313,0
3314,1
3315,1
3316,1
3317,1
3318,1
3319,1
3320,1
3321,1
3322,1
3323,0
3324,1
3325,1
3326,0
3327,0
3328,1
3329,0
3330,0
3331,0
3332,1
3333,1
3334,0
3335,1
3336,1
3337,1
3338,0
3339,1
3340,0
3341,0
3342,1
3343,0
3344,0
3345,1
3346,0
3347,0
3348,1
3349,0
3350,1
3351,0
3352,1
3353,0
3354,1
3355,1
3356,1
3357,1
3358,1
3359,1
3360,1
3361,0
3362,1
3363,1
3364,1
3365,1
3366,1
3367,1
3368,1
3369,0
3370,0
3371,1
3372,0
3373,0
3374,1
3375,0
3376,1
3377,0
3378,1
3379,0
3380,1
3381,1
3382,0
3383,0
3384,0
3385,1
3386,1
3387,0
3388,1
3389,1
3390,1
3391,1
3392,1
3393,1
3394,0
3395,0
3396,0
3397,1
3398,0
3399,1
3400,1
3401,1
3402,1
3403,1
3404,1
3405,0
3406,0
3407,1
3408,1
3409,1
3410,1
3411,1
3412,1
3413,0
3414,1
3415,0
3416,1
3417,1
3418,0
3419,0
3420,1
3421,0
3422,1
3423,1
3424,0
3425,0
3426,1
3427,1
3428,1
3429,0
3430,0
3431,1
3432,0
3433,1
3434,0
3435,1
3436,0
3437,0
3438,1
3439,1
3440,0
3441,1
3442,0
3443,0
3444,0
3445,0
3446,1
3447,1
3448,1
3449,1
3450,1
3451,1
3452,1
3453,0
3454,1
3455,1
3456,1
3457,1
3458,1
3459,1
3460,0
3461,1
3462,0
3463,0
3464,1
3465,1
3466,1
3467,1
3468,1
3469,1
3470,0
3471,0
3472,1
3473,0
3474,1
3475,1
3476,0
3477,0
3478,0
3479,1
3480,0
3481,1
3482,1
3483,0
3484,1
3485,1
3486,1
3487,0
3488,1
3489,0
3490,1
3491,1
3492,1
3493,1
3494,1
3495,0
3496,1
3497,1
3498,0
3499,0
3500,0
3501,1
3502,1
3503,1
3504,1
3505,1
3506,1
3507,0
3508,1
3509,0
3510,1
3511,1
3512,1
3513,0
3514,1
3515,0
3516,0
3517,1
3518,0
3519,0
3520,1
3521,1
3522,0
3523,1
3524,1
3525,1
3526,0
3527,0
3528,0
3529,1
3530,0
3531,1
3532,0
3533,1
3534,1
3535,0
3536,1
3537,0
3538,1
3539,1
3540,1
3541,0
3542,0
3543,1
3544,0
3545,1
3546,1
3547,1
3548,1
3549,0
3550,1
3551,1
3552,1
3553,1
3554,1
3555,1
3556,1
3557,1
3558,0
3559,1
3560,0
3561,1
3562,1
3563,1
3564,1
3565,0
3566,1
3567,0
3568,1
3569,1
3570,1
3571,1
3572,0
3573,1
3574,1
3575,0
3576,1
3577,1
3578,0
3579,0
3580,1
3581,1
3582,1
3583,0
3584,1
3585,0
3586,1
3587,0
3588,0
3589,0
3590,1
3591,1
3592,0
3593,1
3594,1
3595,1
3596,1
3597,0
3598,1
3599,0
3600,1
3601,0
3602,1
3603,0
3604,1
3605,1
3606,0
3607,1
3608,0
3609,1
3610,1
3611,1
3612,1
3613,1
3614,0
3615,1
3616,1
3617,1
3618,0
3619,0
3620,0
3621,0
3622,0
3623,1
3624,1
3625,1
3626,0
3627,0
3628,0
3629,1
3630,1
3631,1
3632,0
3633,1
3634,1
3635,1
3636,1
3637,1
3638,1
3639,1
3640,1
3641,1
3642,1
3643,0
3644,0
3645,1
3646,1
3647,1
3648,1
3649,0
3650,1
3651,1
3652,1
3653,1
3654,1
3655,1
3656,0
3657,0
3658,1
3659,1
3660,1
3661,1
3662,0
3663,1
3664,1
3665,0
3666,0
3667,1
3668,0
3669,0
3670,0
3671,0
3672,1
3673,0
3674,0
3675,1
3676,1
3677,0
3678,1
3679,0
3680,0
3681,1
3682,1
3683,1
3684,0
3685,1
3686,1
3687,0
3688,0
3689,1
3690,1
3691,0
3692,1
3693,1
3694,0
3695,1
3696,1
3697,0
3698,0
3699,1
3700,0
3701,0
3702,1
3703,0
3704,0
3705,1
3706,1
3707,1
3708,1
3709,1
3710,0
3711,0
3712,1
3713,1
3714,0
3715,0
3716,1
3717,1
3718,1
3719,1
3720,1
3721,0
3722,1
3723,1
3724,1
3725,0
3726,1
3727,1
3728,0
3729,1
3730,0
3731,1
3732,1
3733,1
3734,1
3735,1
3736,1
3737,1
3738,1
3739,1
3740,0
3741,1
3742,0
3743,1
3744,1
3745,1
3746,0
3747,0
3748,0
3749,1
3750,1
3751,1
3752,0
3753,1
3754,1
3755,1
3756,1
3757,0
3758,1
3759,1
3760,1
3761,1
3762,1
3763,1
3764,0
3765,0
3766,0
3767,1
3768,0
3769,0
3770,0
3771,1
3772,1
3773,0
3774,1
3775,1
3776,0
3777,0
3778,1
3779,1
3780,1
3781,0
3782,1
3783,0
3784,1
3785,1
3786,0
3787,0
3788,1
3789,1
3790,0
3791,0
3792,1
3793,1
3794,0
3795,0
3796,1
3797,1
3798,0
3799,1
3800,1
3801,0
3802,1
3803,1
3804,0
3805,1
3806,1
3807,1
3808,0
3809,1
3810,0
3811,0
3812,1
3813,1
3814,1
3815,1
3816,1
3817,1
3818,1
3819,1
3820,1
3821,0
3822,1
3823,1
3824,1
3825,0
3826,0
3827,1
3828,1
3829,1
3830,1
3831,1
3832,1
3833,0
3834,1
3835,1
3836,1
3837,1
3838,1
3839,1
3840,0
3841,0
3842,0
3843,1
3844,1
3845,0
3846,0
3847,0
3848,1
3849,0
3850,0
3851,0
3852,1
3853,1
3854,1
3855,0
3856,0
3857,1
3858,1
3859,1
3860,0
3861,0
3862,0
3863,0
3864,1
3865,1
3866,0
3867,0
3868,0
3869,1
3870,1
3871,1
3872,1
3873,1
3874,0
3875,1
3876,0
3877,1
3878,1
3879,0
3880,0
3881,1
3882,0
3883,0
3884,0
3885,0
3886,1
3887,1
3888,0
3889,0
3890,1
3891,0
3892,1
3893,1
3894,1
3895,1
3896,1
3897,1
3898,1
3899,1
3900,1
3901,0
3902,1
3903,0
3904,1
3905,1
3906,1
3907,1
3908,1
3909,1
3910,0
3911,0
3912,0
3913,1
3914,1
3915,0
3916,1
3917,0
3918,1
3919,1
3920,1
3921,0
3922,0
3923,1
3924,0
3925,1
3926,1
3927,1
3928,0
3929,1
3930,1
3931,0
3932,1
3933,0
3934,1
3935,0
3936,0
3937,1
3938,1
3939,1
3940,1
3941,0
3942,0
3943,0
3944,1
3945,1
3946,0
3947,1
3948,1
3949,0
3950,0
3951,1
3952,1
3953,1
3954,1
3955,1
3956,0
3957,0
3958,0
3959,1
3960,0
3961,0
3962,1
3963,1
3964,0
3965,1
3966,0
3967,1
3968,1
3969,1
3970,0
3971,1
3972,1
3973,1
3974,1
3975,0
3976,1
3977,1
3978,0
3979,1
3980,0
3981,1
3982,1
3983,1
3984,1
3985,1
3986,1
3987,1
3988,1
3989,1
3990,0
3991,1
3992,1
3993,1
3994,0
3995,1
3996,0
3997,1
3998,0
3999,1
4000,0
4001,1
4002,1
4003,0
4004,1
4005,1
4006,1
4007,0
4008,1
4009,1
4010,1
4011,1
4012,1
4013,1
4014,1
4015,0
4016,0
4017,0
4018,1
4019,0
4020,1
4021,1
4022,1
4023,1
4024,1
4025,0
4026,1
4027,1
4028,1
4029,1
4030,1
4031,0
4032,0
4033,1
4034,1
4035,1
4036,1
4037,1
4038,0
4039,1
4040,1
4041,1
4042,1
4043,1
4044,1
4045,1
4046,0
4047,1
4048,0
4049,0
4050,0
4051,0
4052,1
4053,1
4054,0
4055,0
4056,1
4057,0
4058,1
4059,1
4060,1
4061,1
4062,1
4063,1
4064,0
4065,1
4066,0
4067,1
4068,1
4069,0
4070,1
4071,1
4072,1
4073,1
4074,1
4075,1
4076,1
4077,1
4078,0
4079,1
4080,0
4081,1
4082,0
4083,0
4084,1
4085,1
4086,1
4087,1
4088,1
4089,0
4090,1
4091,0
4092,1
4093,1
4094,1
4095,1
4096,0
4097,1
4098,0
4099,1
4100,1
4101,1
4102,1
4103,1
4104,1
4105,1
4106,1
4107,1
4108,1
4109,1
4110,1
4111,1
4112,1
4113,1
4114,0
4115,0
4116,0
4117,0
4118,1
4119,1
4120,1
4121,1
4122,0
4123,0
4124,1
4125,0
4126,1
4127,1
4128,0
4129,0
4130,1
4131,0
4132,1
4133,0
4134,1
4135,0
4136,1
4137,1
4138,1
4139,1
4140,1
4141,0
4142,1
4143,0
4144,0
4145,0
4146,1
4147,0
4148,0
4149,0
4150,1
4151,1
4152,1
4153,1
4154,1
4155,1
4156,1
4157,1
4158,1
4159,1
4160,1
4161,0
4162,0
4163,0
4164,1
4165,0
4166,1
4167,1
4168,1
4169,1
4170,0
4171,1
4172,1
4173,1
4174,1
4175,1
4176,1
4177,1
4178,0
4179,0
4180,1
4181,0
4182,1
4183,1
4184,1
4185,0
4186,0
4187,1
4188,1
4189,1
4190,1
4191,0
4192,1
4193,0
4194,1
4195,0
4196,1
4197,1
4198,0
4199,0
4200,1
4201,1
4202,1
4203,1
4204,0
4205,0
4206,0
4207,0
4208,1
4209,1
4210,1
4211,0
4212,1
4213,0
4214,0
4215,0
4216,1
4217,1
4218,1
4219,1
4220,1
4221,1
4222,1
4223,1
4224,0
4225,0
4226,1
4227,1
4228,1
4229,1
4230,1
4231,1
4232,1
4233,1
4234,1
4235,1
4236,1
4237,1
4238,1
4239,0
4240,1
4241,0
4242,0
4243,1
4244,1
4245,0
4246,1
4247,1
4248,1
4249,1
4250,1
4251,1
4252,1
4253,0
4254,1
4255,1
4256,0
4257,1
4258,1
4259,0
4260,1
4261,1
4262,0
4263,1
4264,1
4265,0
4266,1
4267,1
4268,1
4269,1
4270,1
4271,0
4272,0
4273,1
4274,1
4275,1
4276,1
4277,1
4278,1
4279,0
4280,1
4281,1
4282,0
4283,1
4284,1
4285,1
4286,0
4287,1
4288,1
4289,0
4290,1
4291,1
4292,0
4293,1
4294,0
4295,0
4296,0
4297,1
4298,1
4299,1
4300,1
4301,1
4302,0
4303,1
4304,0
4305,0
4306,1
4307,1
4308,1
4309,1
4310,1
4311,0
4312,1
4313,1
4314,1
4315,1
4316,1
4317,1
4318,1
4319,0
4320,1
4321,0
4322,0
4323,1
4324,1
4325,1
4326,1
4327,1
4328,0
4329,0
4330,0
4331,1
4332,1
4333,1
4334,1
4335,0
4336,1
4337,0
4338,1
4339,1
4340,0
4341,0
4342,1
4343,1
4344,1
4345,1
4346,1
4347,1
4348,1
4349,1
4350,0
4351,1
4352,0
4353,1
4354,1
4355,1
4356,1
4357,0
4358,1
4359,0
4360,1
4361,1
4362,0
4363,1
4364,0
4365,0
4366,1
4367,1
4368,1
4369,0
4370,1
4371,1
4372,1
4373,1
4374,1
4375,1
4376,1
4377,0
4378,0
4379,1
4380,0
4381,1
4382,0
4383,1
4384,1
4385,1
4386,0
4387,1
4388,1
4389,0
4390,0
4391,1
4392,0
4393,0
4394,1
4395,0
4396,1
4397,0
4398,1
4399,0
4400,1
4401,1
4402,1
4403,0
4404,0
4405,1
4406,1
4407,1
4408,1
4409,1
4410,0
4411,1
4412,0
4413,1
4414,0
4415,0
4416,1
4417,1
4418,1
4419,1
4420,0
4421,1
4422,1
4423,0
4424,1
4425,1
4426,1
4427,1
4428,1
4429,0
4430,0
4431,0
4432,1
4433,0
4434,0
4435,0
4436,1
4437,0
4438,1
4439,0
4440,0
4441,0
4442,1
4443,1
4444,1
4445,1
4446,0
4447,0
4448,0
4449,1
4450,1
4451,1
4452,0
4453,1
4454,1
4455,0
4456,0
4457,1
4458,1
4459,1
4460,1
4461,1
4462,0
4463,1
4464,1
4465,1
4466,1
4467,1
4468,1
4469,1
4470,1
4471,1
4472,0
4473,0
4474,1
4475,1
4476,1
4477,0
4478,1
4479,0
4480,1
4481,0
4482,0
4483,1
4484,1
4485,1
4486,1
4487,1
4488,1
4489,1
4490,0
4491,1
4492,0
4493,0
4494,1
4495,0
4496,0
4497,1
4498,1
4499,1
4500,0
4501,1
4502,1
4503,1
4504,1
4505,1
4506,1
4507,0
4508,0
4509,1
4510,1
4511,0
4512,0
4513,1
4514,0
4515,1
4516,0
4517,0
4518,0
4519,1
4520,0
4521,1
4522,1
4523,1
4524,0
4525,1
4526,1
4527,0
4528,1
4529,0
4530,0
4531,1
4532,1
4533,1
4534,1
4535,0
4536,1
4537,1
4538,1
4539,1
4540,1
4541,1
4542,0
4543,1
4544,0
4545,0
4546,1
4547,1
4548,0
4549,0
4550,0
4551,1
4552,1
4553,1
4554,0
4555,0
4556,1
4557,0
4558,0
4559,1
4560,1
4561,1
4562,0
4563,1
4564,0
4565,1
4566,0
4567,1
4568,0
4569,1
4570,0
4571,1
4572,1
4573,0
4574,1
4575,1
4576,0
4577,0
4578,0
4579,1
4580,1
4581,1
4582,1
4583,0
4584,1
4585,0
4586,1
4587,1
4588,1
4589,0
4590,1
4591,1
4592,0
4593,1
4594,1
4595,1
4596,1
4597,0
4598,0
4599,1
4600,0
4601,1
4602,1
4603,0
4604,1
4605,1
4606,1
4607,1
4608,1
4609,1
4610,1
4611,0
4612,0
4613,0
4614,1
4615,1
4616,1
4617,1
4618,0
4619,0
4620,1
4621,1
4622,1
4623,1
4624,1
4625,1
4626,1
4627,1
4628,0
4629,0
4630,1
4631,1
4632,0
4633,1
4634,1
4635,1
4636,1
4637,0
4638,1
4639,1
4640,0
4641,1
4642,1
4643,1
4644,0
4645,1
4646,1
4647,1
4648,1
4649,0
4650,1
4651,1
4652,1
4653,1
4654,1
4655,1
4656,1
4657,0
4658,1
4659,0
4660,1
4661,1
4662,0
4663,1
4664,0
4665,0
4666,1
4667,1
4668,1
4669,0
4670,0
4671,0
4672,0
4673,1
4674,1
4675,1
4676,1
4677,0
4678,1
4679,0
4680,1
4681,1
4682,1
4683,1
4684,1
4685,1
4686,1
4687,1
4688,0
4689,1
4690,0
4691,0
4692,1
4693,1
4694,0
4695,1
4696,1
4697,1
4698,0
4699,1
4700,0
4701,1
4702,1
4703,1
4704,1
4705,1
4706,1
4707,0
4708,0
4709,0
4710,1
4711,1
4712,0
4713,1
4714,1
4715,0
4716,0
4717,1
4718,1
4719,1
4720,1
4721,1
4722,1
4723,1
4724,0
4725,1
4726,0
4727,1
4728,1
4729,1
4730,0
4731,0
4732,1
4733,1
4734,0
4735,0
4736,0
4737,1
4738,1
4739,1
4740,1
4741,0
4742,1
4743,1
4744,1
4745,0
4746,0
4747,1
4748,0
4749,0
4750,1
4751,1
4752,1
4753,0
4754,0
4755,1
4756,0
4757,0
4758,1
4759,0
4760,0
4761,1
4762,1
4763,1
4764,1
4765,1
4766,0
4767,1
4768,0
4769,1
4770,1
4771,1
4772,1
4773,0
4774,0
4775,0
4776,1
4777,1
4778,1
4779,1
4780,1
4781,1
4782,1
4783,1
4784,0
4785,1
4786,0
4787,0
4788,1
4789,0
4790,1
4791,0
4792,1
4793,1
4794,0
4795,1
4796,1
4797,0
4798,0
4799,0
4800,1
4801,1
4802,1
4803,0
4804,0
4805,0
4806,1
4807,1
4808,1
4809,0
4810,1
4811,1
4812,0
4813,0
4814,1
4815,1
4816,0
4817,0
4818,0
4819,0
4820,0
4821,1
4822,0
4823,1
4824,0
4825,0
4826,0
4827,1
4828,1
4829,1
4830,1
4831,1
4832,1
4833,1
4834,1
4835,1
4836,1
4837,0
4838,0
4839,0
4840,0
4841,1
4842,1
4843,0
4844,1
4845,0
4846,1
4847,1
4848,0
4849,0
4850,1
4851,1
4852,0
4853,0
4854,0
4855,1
4856,0
4857,0
4858,1
4859,1
4860,1
4861,0
4862,0
4863,1
4864,0
4865,1
4866,0
4867,1
4868,1
4869,1
4870,1
4871,1
4872,1
4873,1
4874,0
4875,1
4876,0
4877,1
4878,1
4879,1
4880,1
4881,1
4882,0
4883,1
4884,0
4885,1
4886,1
4887,1
4888,0
4889,1
4890,0
4891,1
4892,1
4893,1
4894,1
4895,0
4896,1
4897,1
4898,1
4899,1
4900,1
4901,1
4902,1
4903,0
4904,1
4905,1
4906,0
4907,1
4908,0
4909,0
4910,1
4911,1
4912,0
4913,0
4914,1
4915,1
4916,1
4917,1
4918,1
4919,1
4920,1
4921,1
4922,0
4923,1
4924,1
4925,1
4926,1
4927,0
4928,1
4929,1
4930,1
4931,0
4932,1
4933,0
4934,0
4935,0
4936,1
4937,1
4938,1
4939,0
4940,1
4941,1
4942,0
4943,0
4944,1
4945,1
4946,1
4947,1
4948,0
4949,1
4950,1
4951,1
4952,1
4953,1
4954,1
4955,0
4956,0
4957,0
4958,1
4959,1
4960,0
4961,1
4962,0
4963,1
4964,1
4965,1
4966,1
4967,1
4968,1
4969,1
4970,0
4971,0
4972,0
4973,0
4974,1
4975,1
4976,1
4977,1
4978,0
4979,1
4980,1
4981,1
4982,1
4983,1
4984,0
4985,0
4986,1
4987,0
4988,1
4989,1
4990,1
4991,1
4992,1
4993,1
4994,1
4995,1
4996,0
4997,1
4998,1
4999,0
5000,1
5001,0
5002,1
5003,0
5004,0
5005,1
5006,1
5007,1
5008,0
5009,1
5010,1
5011,0
5012,1
5013,1
5014,0
5015,1
5016,1
5017,0
5018,0
5019,0
5020,1
5021,1
5022,1
5023,1
5024,1
5025,1
5026,0
5027,0
5028,1
5029,1
5030,0
5031,0
5032,0
5033,1
5034,1
5035,1
5036,1
5037,0
5038,0
5039,1
5040,0
5041,0
5042,1
5043,1
5044,1
5045,0
5046,1
5047,1
5048,1
5049,1
5050,0
5051,1
5052,1
5053,1
5054,1
5055,0
5056,1
5057,0
5058,0
5059,1
5060,0
5061,1
5062,1
5063,1
5064,1
5065,1
5066,1
5067,1
5068,0
5069,1
5070,1
5071,0
5072,1
5073,0
5074,0
5075,0
5076,0
5077,0
5078,1
5079,1
5080,0
5081,0
5082,1
5083,1
5084,1
5085,1
5086,1
5087,1
5088,0
5089,1
5090,1
5091,0
5092,0
5093,1
5094,1
5095,1
5096,0
5097,1
5098,1
5099,1
5100,1
5101,0
5102,1
5103,0
5104,1
5105,1
5106,1
5107,0
5108,0
5109,1
5110,1
5111,1
5112,0
5113,1
5114,1
5115,0
5116,1
5117,0
5118,1
5119,1
5120,0
5121,0
5122,0
5123,1
5124,1
5125,1
5126,0
5127,0
5128,1
5129,0
5130,1
5131,1
5132,1
5133,0
5134,0
5135,0
5136,0
5137,1
5138,0
5139,1
5140,1
5141,1
5142,0
5143,1
5144,1
5145,1
5146,0
5147,1
5148,1
5149,0
5150,1
5151,0
5152,1
5153,1
5154,1
5155,0
5156,0
5157,0
5158,0
5159,1
5160,1
5161,0
5162,1
5163,1
5164,1
5165,1
5166,1
5167,1
5168,0
5169,1
5170,0
5171,0
5172,1
5173,1
5174,0
5175,0
5176,1
5177,1
5178,0
5179,0
5180,0
5181,1
5182,1
5183,0
5184,1
5185,0
5186,0
5187,0
5188,1
5189,0
5190,1
5191,1
5192,1
5193,1
5194,0
5195,1
5196,0
5197,1
5198,0
5199,1
5200,1
5201,0
5202,0
5203,0
5204,1
5205,1
5206,0
5207,1
5208,0
5209,1
5210,0
5211,1
5212,1
5213,1
5214,1
5215,1
5216,1
5217,1
5218,1
5219,0
5220,1
5221,0
5222,0
5223,1
5224,0
5225,1
5226,1
5227,0
5228,1
5229,1
5230,1
5231,0
5232,1
5233,0
5234,0
5235,0
5236,0
5237,0
5238,1
5239,1
5240,1
5241,1
5242,0
5243,1
5244,0
5245,0
5246,0
5247,0
5248,0
5249,1
5250,1
5251,1
5252,0
5253,0
5254,1
5255,0
5256,1
5257,1
5258,1
5259,1
5260,1
5261,1
5262,0
5263,1
5264,0
5265,1
5266,1
5267,1
5268,1
5269,1
5270,1
5271,0
5272,1
5273,1
5274,1
5275,1
5276,1
5277,1
5278,1
5279,1
5280,0
5281,1
5282,1
5283,0
5284,1
5285,1
5286,1
5287,1
5288,0
5289,1
5290,1
5291,0
5292,0
5293,0
5294,1
5295,1
5296,1
5297,1
5298,1
5299,0
5300,0
5301,0
5302,0
5303,1
5304,0
5305,1
5306,0
5307,1
5308,1
5309,1
5310,1
5311,1
5312,0
5313,0
5314,1
5315,1
5316,0
5317,1
5318,1
5319,0
5320,1
5321,0
5322,1
5323,1
5324,0
5325,0
5326,0
5327,0
5328,1
5329,1
5330,1
5331,1
5332,0
5333,0
5334,0
5335,0
5336,0
5337,1
5338,0
5339,0
5340,1
5341,0
5342,0
5343,1
5344,1
5345,1
5346,1
5347,0
5348,1
5349,0
5350,1
5351,0
5352,1
5353,1
5354,1
5355,1
5356,1
5357,1
5358,1
5359,1
5360,0
5361,1
5362,0
5363,1
5364,0
5365,1
5366,1
5367,1
5368,1
5369,1
5370,1
5371,1
5372,1
5373,0
5374,1
5375,1
5376,1
5377,1
5378,1
5379,1
5380,0
5381,1
5382,1
5383,0
5384,1
5385,1
5386,0
5387,1
5388,1
5389,0
5390,1
5391,0
5392,0
5393,1
5394,0
5395,1
5396,1
5397,1
5398,0
5399,1
5400,0
5401,0
5402,0
5403,1
5404,1
5405,1
5406,1
5407,0
5408,0
5409,0
5410,1
5411,1
5412,0
5413,1
5414,0
5415,0
5416,1
5417,0
5418,0
5419,0
5420,1
5421,0
5422,0
5423,1
5424,0
5425,1
5426,1
5427,0
5428,1
5429,1
5430,1
5431,0
5432,1
5433,1
5434,1
5435,1
5436,1
5437,1
5438,1
5439,1
5440,1
5441,0
5442,1
5443,1
5444,1
5445,1
5446,1
5447,0
5448,0
5449,1
5450,1
5451,1
5452,0
5453,1
5454,0
5455,1
5456,0
5457,1
5458,1
5459,0
5460,0
5461,1
5462,0
5463,1
5464,0
5465,1
5466,1
5467,1
5468,1
5469,0
5470,1
5471,1
5472,1
5473,1
5474,1
5475,1
5476,1
5477,0
5478,0
5479,0
5480,1
5481,0
5482,0
5483,1
5484,1
5485,1
5486,1
5487,0
5488,0
5489,1
5490,1
5491,1
5492,0
5493,1
5494,1
5495,0
5496,1
5497,0
5498,1
5499,1
5500,0
5501,0
5502,1
5503,1
5504,0
5505,1
5506,1
5507,1
5508,0
5509,1
5510,1
5511,1
5512,1
5513,0
5514,1
5515,1
5516,1
5517,1
5518,1
5519,1
5520,1
5521,0
5522,0
5523,1
5524,1
5525,0
5526,0
5527,0
5528,1
5529,1
5530,0
5531,1
5532,0
5533,1
5534,1
5535,1
5536,0
5537,1
5538,1
5539,1
5540,1
5541,1
5542,1
5543,1
5544,0
5545,1
5546,1
5547,1
5548,1
5549,1
5550,0
5551,1
5552,1
5553,0
5554,0
5555,1
5556,1
5557,1
5558,1
5559,1
5560,0
5561,1
5562,1
5563,0
5564,1
5565,0
5566,0
5567,0
5568,0
5569,0
5570,1
5571,1
5572,0
5573,1
5574,1
5575,1
5576,1
5577,1
5578,0
5579,0
5580,1
5581,0
5582,0
5583,1
5584,0
5585,1
5586,0
5587,1
5588,0
5589,0
5590,0
5591,1
5592,1
5593,0
5594,0
5595,1
5596,1
5597,1
5598,1
5599,0
5600,1
5601,1
5602,1
5603,1
5604,1
5605,1
5606,1
5607,0
5608,0
5609,0
5610,1
5611,0
5612,0
5613,1
5614,1
5615,1
5616,0
5617,0
5618,1
5619,1
5620,0
5621,1
5622,1
5623,1
5624,1
5625,1
5626,1
5627,1
5628,1
5629,0
5630,0
5631,1
5632,0
5633,0
5634,1
5635,1
5636,1
5637,1
5638,0
5639,1
5640,1
5641,1
5642,0
5643,1
5644,1
5645,1
5646,1
5647,0
5648,0
5649,1
5650,1
5651,1
5652,1
5653,1
5654,1
5655,1
5656,1
5657,0
5658,1
5659,0
5660,1
5661,1
5662,1
5663,1
5664,0
5665,1
5666,1
5667,0
5668,0
5669,0
5670,1
5671,1
5672,0
5673,1
5674,1
5675,0
5676,0
5677,1
5678,1
5679,1
5680,0
5681,1
5682,1
5683,1
5684,0
5685,1
5686,0
5687,0
5688,1
5689,0
5690,1
5691,1
5692,1
5693,0
5694,0
5695,1
5696,0
5697,1
5698,0
5699,1
5700,1
5701,0
5702,1
5703,1
5704,0
5705,0
5706,0
5707,0
5708,1
5709,0
5710,0
5711,1
5712,0
5713,0
5714,0
5715,1
5716,1
5717,0
5718,0
5719,0
5720,0
5721,0
5722,1
5723,0
5724,1
5725,1
5726,1
5727,1
5728,1
5729,0
5730,1
5731,0
5732,1
5733,0
5734,1
5735,0
5736,1
5737,1
5738,1
5739,0
5740,1
5741,0
5742,1
5743,0
5744,1
5745,1
5746,1
5747,1
5748,1
5749,0
5750,1
5751,1
5752,1
5753,1
5754,1
5755,1
5756,1
5757,1
5758,1
5759,0
5760,1
5761,1
5762,1
5763,1
5764,1
5765,1
5766,1
5767,1
5768,0
5769,1
5770,0
5771,0
5772,0
5773,0
5774,1
5775,1
5776,1
5777,0
5778,0
5779,0
5780,1
5781,0
5782,0
5783,1
5784,1
5785,1
5786,1
5787,1
5788,0
5789,0
5790,1
5791,0
5792,0
5793,1
5794,0
5795,0
5796,0
5797,1
5798,0
5799,0
5800,1
5801,0
5802,1
5803,1
5804,1
5805,0
5806,0
5807,0
5808,1
5809,1
5810,0
5811,1
5812,0
5813,0
5814,0
5815,1
5816,1
5817,1
5818,1
5819,1
5820,1
5821,1
5822,1
5823,1
5824,0
5825,0
5826,1
5827,0
5828,0
5829,1
5830,0
5831,1
5832,1
5833,1
5834,1
5835,1
5836,0
5837,1
5838,1
5839,1
5840,1
5841,0
5842,0
5843,0
5844,1
5845,1
5846,1
5847,0
5848,1
5849,0
5850,0
5851,1
5852,1
5853,1
5854,1
5855,1
5856,1
5857,1
5858,0
5859,1
5860,1
5861,1
5862,1
5863,1
5864,0
5865,0
5866,0
5867,1
5868,0
5869,1
5870,1
5871,1
5872,0
5873,1
5874,1
5875,0
5876,1
5877,1
5878,1
5879,1
5880,1
5881,1
5882,1
5883,0
5884,1
5885,1
5886,1
5887,1
5888,1
5889,1
5890,1
5891,1
5892,1
5893,0
5894,1
5895,1
5896,0
5897,1
5898,1
5899,1
5900,1
5901,0
5902,1
5903,0
5904,1
5905,1
5906,0
5907,0
5908,1
5909,0
5910,1
5911,1
5912,0
5913,0
5914,1
5915,1
5916,1
5917,1
5918,0
5919,0
5920,0
5921,1
5922,0
5923,1
5924,1
5925,1
5926,1
5927,0
5928,1
5929,0
5930,1
5931,1
5932,1
5933,0
5934,1
5935,1
5936,1
5937,1
5938,0
5939,0
5940,1
5941,0
5942,1
5943,0
5944,1
5945,1
5946,1
5947,1
5948,1
5949,1
5950,1
5951,0
5952,0
5953,1
5954,1
5955,0
5956,0
5957,0
5958,0
5959,0
5960,1
5961,1
5962,0
5963,1
5964,1
5965,1
5966,0
5967,1
5968,1
5969,1
5970,1
5971,0
5972,1
5973,0
5974,1
5975,1
5976,1
5977,0
5978,1
5979,1
5980,1
5981,1
5982,1
5983,0
5984,0
5985,0
5986,1
5987,0
5988,0
5989,1
5990,1
5991,1
5992,0
5993,1
5994,1
5995,0
5996,1
5997,0
5998,0
5999,1
6000,0
6001,1
6002,0
6003,1
6004,0
6005,0
6006,0
6007,0
6008,1
6009,1
6010,0
6011,1
6012,1
6013,0
6014,1
6015,0
6016,1
6017,1
6018,0
6019,1
6020,1
6021,1
6022,1
6023,1
6024,0
6025,1
6026,1
6027,1
6028,0
6029,1
6030,0
6031,1
6032,0
6033,0
6034,0
6035,1
6036,0
6037,1
6038,0
6039,1
6040,1
6041,1
6042,1
6043,1
6044,1
6045,1
6046,1
6047,1
6048,1
6049,0
6050,0
6051,1
6052,0
6053,1
6054,1
6055,0
6056,1
6057,0
6058,1
6059,1
6060,1
6061,0
6062,1
6063,0
6064,0
6065,1
6066,0
6067,0
6068,1
6069,1
6070,0
6071,1
6072,1
6073,0
6074,0
6075,1
6076,0
6077,1
6078,1
6079,1
6080,0
6081,1
6082,0
6083,1
6084,0
6085,1
6086,1
6087,0
6088,0
6089,1
6090,1
6091,1
6092,0
6093,1
6094,0
6095,0
6096,1
6097,1
6098,0
6099,1
6100,1
6101,0
6102,1
6103,1
6104,0
6105,0
6106,1
6107,0
6108,1
6109,0
6110,1
6111,0
6112,1
6113,0
6114,1
6115,0
6116,0
6117,1
6118,0
6119,0
6120,0
6121,0
6122,0
6123,0
6124,1
6125,1
6126,1
6127,1
6128,1
6129,1
6130,1
6131,1
6132,1
6133,1
6134,1
6135,1
6136,0
6137,1
6138,1
6139,1
6140,1
6141,0
6142,0
6143,1
6144,0
6145,1
6146,1
6147,1
6148,1
6149,0
6150,1
6151,1
6152,1
6153,1
6154,1
6155,1
6156,1
6157,1
6158,1
6159,0
6160,1
6161,1
6162,1
6163,1
6164,0
6165,1
6166,0
6167,1
6168,0
6169,1
6170,1
6171,0
6172,1
6173,0
6174,1
6175,1
6176,1
6177,1
6178,1
6179,1
6180,1
6181,1
6182,1
6183,0
6184,0
6185,0
6186,1
6187,1
6188,0
6189,0
6190,1
6191,0
6192,1
6193,0
6194,1
6195,1
6196,1
6197,0
6198,1
6199,1
6200,1
6201,0
6202,0
6203,1
6204,0
6205,0
6206,1
6207,1
6208,0
6209,0
6210,1
6211,0
6212,0
6213,1
6214,0
6215,1
6216,1
6217,0
6218,1
6219,0
6220,1
6221,1
6222,1
6223,1
6224,1
6225,1
6226,1
6227,1
6228,0
6229,1
6230,1
6231,0
6232,0
6233,1
6234,0
6235,0
6236,1
6237,1
6238,1
6239,1
6240,0
6241,1
6242,1
6243,0
6244,1
6245,0
6246,1
6247,0
6248,0
6249,0
6250,1
6251,1
6252,1
6253,0
6254,1
6255,1
6256,1
6257,0
6258,1
6259,1
6260,1
6261,1
6262,0
6263,1
6264,0
6265,1
6266,0
6267,1
6268,0
6269,1
6270,0
6271,1
6272,0
6273,1
6274,0
6275,1
6276,1
6277,1
6278,0
6279,1
6280,0
6281,0
6282,1
6283,1
6284,0
6285,0
6286,1
6287,1
6288,1
6289,0
6290,0
6291,0
6292,0
6293,1
6294,1
6295,0
6296,1
6297,0
6298,1
6299,1
6300,1
6301,1
6302,1
6303,1
6304,1
6305,1
6306,1
6307,1
6308,1
6309,0
6310,0
6311,1
6312,0
6313,0
6314,0
6315,0
6316,1
6317,1
6318,0
6319,1
6320,1
6321,1
6322,0
6323,0
6324,0
6325,0
6326,1
6327,1
6328,1
6329,1
6330,0
6331,1
6332,0
6333,1
6334,0
6335,1
6336,1
6337,0
6338,1
6339,1
6340,0
6341,0
6342,1
6343,1
6344,1
6345,0
6346,1
6347,0
6348,1
6349,0
6350,1
6351,0
6352,0
6353,1
6354,1
6355,1
6356,0
6357,1
6358,1
6359,1
6360,0
6361,0
6362,0
6363,1
6364,1
6365,1
6366,1
6367,1
6368,1
6369,1
6370,0
6371,1
6372,0
6373,0
6374,1
6375,1
6376,1
6377,1
6378,1
6379,0
6380,1
6381,1
6382,1
6383,1
6384,1
6385,0
6386,0
6387,1
6388,0
6389,1
6390,1
6391,1
6392,0
6393,1
6394,0
6395,0
6396,1
6397,1
6398,1
6399,1
6400,1
6401,0
6402,0
6403,1
6404,1
6405,1
6406,0
6407,1
6408,0
6409,0
6410,1
6411,1
6412,1
6413,1
6414,1
6415,1
6416,1
6417,1
6418,0
6419,1
6420,1
6421,0
6422,1
6423,1
6424,1
6425,0
6426,1
6427,1
6428,1
6429,1
6430,0
6431,0
6432,1
6433,1
6434,1
6435,1
6436,1
6437,1
6438,1
6439,1
6440,1
6441,1
6442,1
6443,1
6444,1
6445,0
6446,0
6447,0
6448,1
6449,1
6450,1
6451,1
6452,1
6453,0
6454,0
6455,1
6456,0
6457,1
6458,1
6459,1
6460,1
6461,0
6462,1
6463,1
6464,1
6465,1
6466,1
6467,1
6468,0
6469,1
6470,0
6471,0
6472,1
6473,1
6474,1
6475,1
6476,1
6477,1
6478,1
6479,1
6480,0
6481,1
6482,1
6483,0
6484,1
6485,1
6486,0
6487,0
6488,0
6489,1
6490,0
6491,0
6492,1
6493,1
6494,0
6495,1
6496,1
6497,1
6498,0
6499,1
6500,0
6501,1
6502,1
6503,0
6504,1
6505,0
6506,1
6507,1
6508,1
6509,1
6510,1
6511,0
6512,0
6513,0
6514,1
6515,1
6516,1
6517,1
6518,1
6519,1
6520,0
6521,1
6522,1
6523,1
6524,0
6525,1
6526,1
6527,1
6528,0
6529,0
6530,0
6531,0
6532,0
6533,0
6534,1
6535,0
6536,0
6537,1
6538,0
6539,0
6540,1
6541,1
6542,1
6543,1
6544,0
6545,1
6546,0
6547,1
6548,1
6549,0
6550,1
6551,1
6552,0
6553,1
6554,1
6555,1
6556,1
6557,1
6558,0
6559,1
6560,1
6561,0
6562,0
6563,0
6564,0
6565,0
6566,1
6567,1
6568,1
6569,0
6570,1
6571,0
6572,1
6573,1
6574,1
6575,1
6576,1
6577,1
6578,0
6579,1
6580,0
6581,0
6582,0
6583,1
6584,0
6585,0
6586,1
6587,1
6588,1
6589,1
6590,1
6591,1
6592,1
6593,0
6594,0
6595,0
6596,1
6597,1
6598,0
6599,1
6600,1
6601,0
6602,1
6603,1
6604,1
6605,0
6606,1
6607,1
6608,1
6609,1
6610,1
6611,1
6612,1
6613,1
6614,0
6615,1
6616,1
6617,1
6618,1
6619,1
6620,1
6621,1
6622,1
6623,1
6624,1
6625,1
6626,0
6627,0
6628,0
6629,1
6630,0
6631,0
6632,1
6633,1
6634,0
6635,0
6636,0
6637,1
6638,1
6639,0
6640,0
6641,1
6642,0
6643,1
6644,0
6645,1
6646,0
6647,1
6648,1
6649,1
6650,1
6651,1
6652,0
6653,1
6654,1
6655,1
6656,1
6657,1
6658,0
6659,0
6660,0
6661,1
6662,1
6663,1
6664,1
6665,1
6666,0
6667,1
6668,1
6669,1
6670,1
6671,0
6672,1
6673,0
6674,0
6675,1
6676,1
6677,1
6678,1
6679,1
6680,1
6681,0
6682,0
6683,0
6684,1
6685,1
6686,1
6687,0
6688,1
6689,1
6690,0
6691,0
6692,1
6693,1
6694,0
6695,0
6696,0
6697,0
6698,0
6699,1
6700,1
6701,1
6702,0
6703,0
6704,1
6705,1
6706,1
6707,0
6708,1
6709,1
6710,1
6711,1
6712,1
6713,1
6714,0
6715,1
6716,1
6717,1
6718,1
6719,0
6720,0
6721,0
6722,1
6723,1
6724,1
6725,0
6726,0
6727,1
6728,1
6729,1
6730,1
6731,1
6732,1
6733,0
6734,0
6735,1
6736,1
6737,0
6738,1
6739,1
6740,1
6741,0
6742,0
6743,0
6744,1
6745,1
6746,1
6747,1
6748,0
6749,1
6750,0
6751,1
6752,1
6753,1
6754,1
6755,0
6756,1
6757,1
6758,0
6759,0
6760,1
6761,0
6762,0
6763,1
6764,0
6765,1
6766,1
6767,1
6768,1
6769,1
6770,0
6771,1
6772,1
6773,0
6774,0
6775,1
6776,1
6777,0
6778,1
6779,1
6780,1
6781,1
6782,0
6783,1
6784,1
6785,1
6786,0
6787,0
6788,1
6789,1
6790,0
6791,1
6792,1
6793,1
6794,1
6795,1
6796,1
6797,1
6798,1
6799,0
6800,0
6801,1
6802,1
6803,1
6804,0
6805,1
6806,0
6807,0
6808,1
6809,1
6810,0
6811,1
6812,0
6813,1
6814,1
6815,1
6816,1
6817,1
6818,1
6819,0
6820,0
6821,1
6822,1
6823,1
6824,1
6825,0
6826,1
6827,1
6828,1
6829,1
6830,1
6831,1
6832,1
6833,1
6834,1
6835,1
6836,1
6837,1
6838,1
6839,1
6840,1
6841,1
6842,1
6843,0
6844,0
6845,0
6846,0
6847,1
6848,0
6849,0
6850,0
6851,0
6852,0
6853,1
6854,1
6855,0
6856,1
6857,1
6858,1
6859,1
6860,1
6861,1
6862,1
6863,1
6864,1
6865,0
6866,1
6867,1
6868,1
6869,1
6870,1
6871,1
6872,1
6873,0
6874,1
6875,1
6876,0
6877,1
6878,1
6879,0
6880,0
6881,0
6882,1
6883,1
6884,1
6885,0
6886,1
6887,0
6888,1
6889,1
6890,0
6891,0
6892,1
6893,1
6894,0
6895,0
6896,1
6897,1
6898,1
6899,0
6900,1
6901,1
6902,1
6903,1
6904,1
6905,1
6906,0
6907,1
6908,0
6909,1
6910,0
6911,1
6912,1
6913,1
6914,0
6915,0
6916,1
6917,0
6918,1
6919,0
6920,1
6921,1
6922,0
6923,1
6924,1
6925,1
6926,1
6927,1
6928,1
6929,1
6930,1
6931,0
6932,0
6933,0
6934,1
6935,1
6936,0
6937,1
6938,1
6939,1
6940,1
6941,0
6942,1
6943,1
6944,0
6945,1
6946,1
6947,0
6948,0
6949,0
6950,1
6951,0
6952,1
6953,0
6954,0
6955,1
6956,0
6957,1
6958,0
6959,0
6960,1
6961,0
6962,1
6963,0
6964,1
6965,0
6966,1
6967,0
6968,1
6969,0
6970,1
6971,0
6972,1
6973,1
6974,1
6975,0
6976,1
6977,1
6978,1
6979,0
6980,1
6981,0
6982,0
6983,0
6984,1
6985,0
6986,1
6987,1
6988,0
6989,0
6990,0
6991,0
6992,1
6993,0
6994,1
6995,0
6996,1
6997,0
6998,1
6999,1
7000,0
7001,0
7002,1
7003,1
7004,0
7005,0
7006,1
7007,1
7008,0
7009,1
7010,1
7011,0
7012,1
7013,0
7014,1
7015,1
7016,1
7017,1
7018,0
7019,1
7020,1
7021,0
7022,1
7023,1
7024,1
7025,0
7026,0
7027,0
7028,0
7029,0
7030,1
7031,1
7032,0
7033,1
7034,0
7035,0
7036,1
7037,1
7038,0
7039,0
7040,1
7041,1
7042,1
7043,0
7044,1
7045,1
7046,0
7047,0
7048,1
7049,1
7050,1
7051,0
7052,0
7053,1
7054,1
7055,1
7056,1
7057,1
7058,0
7059,1
7060,0
7061,0
7062,1
7063,1
7064,0
7065,1
7066,1
7067,1
7068,1
7069,1
7070,0
7071,1
7072,0
7073,1
7074,1
7075,1
7076,1
7077,1
7078,1
7079,1
7080,1
7081,1
7082,0
7083,1
7084,1
7085,1
7086,0
7087,1
7088,0
7089,1
7090,0
7091,1
7092,0
7093,1
7094,0
7095,0
7096,1
7097,1
7098,1
7099,1
7100,1
7101,0
7102,0
7103,1
7104,1
7105,0
7106,0
7107,1
7108,1
7109,0
7110,1
7111,0
7112,1
7113,0
7114,1
7115,0
7116,0
7117,1
7118,1
7119,0
7120,1
7121,1
7122,1
7123,0
7124,1
7125,1
7126,0
7127,1
7128,0
7129,0
7130,1
7131,0
7132,1
7133,1
7134,0
7135,1
7136,0
7137,1
7138,1
7139,1
7140,1
7141,1
7142,0
7143,1
7144,1
7145,1
7146,1
7147,1
7148,1
7149,0
7150,1
7151,0
7152,1
7153,0
7154,0
7155,0
7156,1
7157,0
7158,1
7159,0
7160,0
7161,1
7162,0
7163,1
7164,1
7165,0
7166,0
7167,0
7168,1
7169,1
7170,1
7171,1
7172,1
7173,0
7174,0
7175,0
7176,0
7177,1
7178,1
7179,1
7180,0
7181,0
7182,1
7183,1
7184,1
7185,0
7186,1
7187,0
7188,0
7189,1
7190,0
7191,0
7192,1
7193,1
7194,0
7195,1
7196,0
7197,0
7198,1
7199,1
7200,0
7201,1
7202,1
7203,1
7204,1
7205,1
7206,0
7207,1
7208,1
7209,0
7210,1
7211,0
7212,1
7213,1
7214,1
7215,1
7216,1
7217,1
7218,0
7219,1
7220,1
7221,1
7222,1
7223,1
7224,0
7225,0
7226,0
7227,1
7228,1
7229,0
7230,1
7231,1
7232,1
7233,1
7234,0
7235,1
7236,1
7237,0
7238,0
7239,1
7240,1
7241,1
7242,1
7243,0
7244,0
7245,1
7246,1
7247,0
7248,1
7249,1
7250,0
7251,1
7252,1
7253,1
7254,1
7255,0
7256,1
7257,0
7258,1
7259,0
7260,0
7261,1
7262,0
7263,1
7264,0
7265,0
7266,1
7267,0
7268,1
7269,1
7270,1
7271,0
7272,1
7273,1
7274,1
7275,1
7276,1
7277,0
7278,1
7279,1
7280,0
7281,1
7282,1
7283,1
7284,1
7285,0
7286,0
7287,0
7288,0
7289,0
7290,0
7291,1
7292,1
7293,1
7294,1
7295,1
7296,1
7297,0
7298,1
7299,0
7300,1
7301,0
7302,0
7303,1
7304,0
7305,1
7306,1
7307,0
7308,0
7309,1
7310,1
7311,1
7312,1
7313,0
7314,1
7315,0
7316,1
7317,0
7318,1
7319,1
7320,1
7321,1
7322,1
7323,0
7324,0
7325,1
7326,1
7327,0
7328,0
7329,0
7330,1
7331,1
7332,1
7333,0
7334,0
7335,0
7336,1
7337,1
7338,0
7339,1
7340,0
7341,1
7342,0
7343,1
7344,0
7345,1
7346,1
7347,0
7348,1
7349,1
7350,1
7351,0
7352,1
7353,1
7354,0
7355,1
7356,0
7357,1
7358,1
7359,1
7360,0
7361,0
7362,1
7363,1
7364,1
7365,0
7366,1
7367,0
7368,1
7369,0
7370,1
7371,1
7372,1
7373,1
7374,0
7375,1
7376,1
7377,1
7378,0
7379,1
7380,1
7381,1
7382,0
7383,1
7384,1
7385,1
7386,1
7387,0
7388,1
7389,0
7390,1
7391,1
7392,1
7393,0
7394,1
7395,0
7396,0
7397,0
7398,0
7399,0
7400,0
7401,1
7402,1
7403,1
7404,1
7405,1
7406,0
7407,1
7408,0
7409,0
7410,0
7411,1
7412,0
7413,1
7414,1
7415,1
7416,0
7417,0
7418,1
7419,1
7420,1
7421,1
7422,1
7423,0
7424,1
7425,0
7426,1
7427,0
7428,0
7429,1
7430,0
7431,0
7432,1
7433,1
7434,1
7435,1
7436,1
7437,1
7438,1
7439,1
7440,0
7441,1
7442,1
7443,1
7444,0
7445,1
7446,1
7447,1
7448,1
7449,1
7450,0
7451,1
7452,1
7453,0
7454,1
7455,0
7456,1
7457,1
7458,1
7459,0
7460,0
7461,0
7462,1
7463,1
7464,1
7465,0
7466,1
7467,1
7468,0
7469,1
7470,1
7471,1
7472,1
7473,0
7474,0
7475,1
7476,1
7477,0
7478,1
7479,0
7480,1
7481,0
7482,1
7483,0
7484,1
7485,0
7486,1
7487,1
7488,1
7489,0
7490,0
7491,0
7492,0
7493,0
7494,0
7495,1
7496,0
7497,1
7498,1
7499,0
7500,0
7501,0
7502,0
7503,1
7504,1
7505,0
7506,1
7507,1
7508,0
7509,1
7510,1
7511,1
7512,1
7513,1
7514,0
7515,1
7516,1
7517,1
7518,0
7519,0
7520,0
7521,1
7522,1
7523,1
7524,0
7525,1
7526,0
7527,1
7528,1
7529,1
7530,1
7531,1
7532,0
7533,1
7534,1
7535,1
7536,1
7537,1
7538,1
7539,1
7540,0
7541,1
7542,0
7543,0
7544,0
7545,1
7546,1
7547,1
7548,1
7549,1
7550,1
7551,1
7552,1
7553,0
7554,1
7555,0
7556,0
7557,1
7558,1
7559,1
7560,0
7561,1
7562,0
7563,1
7564,1
7565,0
7566,1
7567,1
7568,0
7569,1
7570,1
7571,0
7572,1
7573,1
7574,1
7575,1
7576,1
7577,0
7578,1
7579,0
7580,1
7581,1
7582,0
7583,1
7584,1
7585,0
7586,1
7587,0
7588,0
7589,1
7590,1
7591,1
7592,1
7593,0
7594,1
7595,1
7596,0
7597,1
7598,0
7599,0
7600,1
7601,1
7602,0
7603,0
7604,0
7605,1
7606,1
7607,1
7608,1
7609,1
7610,1
7611,0
7612,1
7613,0
7614,1
7615,1
7616,1
7617,0
7618,1
7619,1
7620,1
7621,1
7622,0
7623,0
7624,1
7625,1
7626,1
7627,1
7628,1
7629,1
7630,0
7631,1
7632,0
7633,1
7634,0
7635,1
7636,1
7637,0
7638,1
7639,1
7640,1
7641,1
7642,1
7643,1
7644,1
7645,1
7646,0
7647,1
7648,1
7649,0
7650,1
7651,1
7652,1
7653,1
7654,0
7655,1
7656,0
7657,1
7658,1
7659,1
7660,1
7661,0
7662,1
7663,0
7664,1
7665,0
7666,0
7667,0
7668,1
7669,0
7670,1
7671,1
7672,0
7673,1
7674,1
7675,1
7676,1
7677,0
7678,1
7679,0
7680,0
7681,1
7682,1
7683,0
7684,1
7685,1
7686,1
7687,1
7688,0
7689,1
7690,1
7691,0
7692,1
7693,0
7694,1
7695,1
7696,1
7697,0
7698,1
7699,1
7700,1
7701,1
7702,0
7703,1
7704,0
7705,1
7706,1
7707,1
7708,1
7709,0
7710,1
7711,0
7712,1
7713,1
7714,0
7715,1
7716,1
7717,1
7718,1
7719,1
7720,1
7721,1
7722,1
7723,1
7724,1
7725,0
7726,0
7727,1
7728,0
7729,1
7730,0
7731,1
7732,1
7733,0
7734,1
7735,0
7736,1
7737,1
7738,1
7739,0
7740,1
7741,1
7742,1
7743,0
7744,0
7745,1
7746,0
7747,1
7748,1
7749,0
7750,0
7751,0
7752,0
7753,1
7754,1
7755,0
7756,1
7757,1
7758,1
7759,0
7760,0
7761,1
7762,0
7763,1
7764,1
7765,0
7766,1
7767,0
7768,1
7769,1
7770,1
7771,1
7772,1
7773,0
7774,0
7775,0
7776,1
7777,1
7778,0
7779,1
7780,0
7781,0
7782,0
7783,0
7784,0
7785,0
7786,1
7787,1
7788,1
7789,1
7790,1
7791,1
7792,1
7793,1
7794,1
7795,0
7796,1
7797,1
7798,1
7799,1
7800,1
7801,1
7802,1
7803,1
7804,1
7805,0
7806,1
7807,1
7808,0
7809,1
7810,1
7811,1
7812,1
7813,1
7814,0
7815,1
7816,1
7817,0
7818,1
7819,0
7820,1
7821,0
7822,1
7823,0
7824,1
7825,0
7826,1
7827,1
7828,1
7829,1
7830,1
7831,0
7832,1
7833,1
7834,1
7835,0
7836,1
7837,0
7838,1
7839,1
7840,1
7841,1
7842,1
7843,1
7844,1
7845,0
7846,0
7847,1
7848,1
7849,1
7850,1
7851,0
7852,1
7853,1
7854,1
7855,1
7856,1
7857,0
7858,1
7859,1
7860,0
7861,0
7862,1
7863,1
7864,0
7865,1
7866,0
7867,1
7868,1
7869,1
7870,1
7871,0
7872,0
7873,1
7874,0
7875,1
7876,0
7877,1
7878,1
7879,1
7880,1
7881,0
7882,1
7883,0
7884,0
7885,1
7886,0
7887,0
7888,1
7889,1
7890,0
7891,1
7892,0
7893,1
7894,1
7895,1
7896,1
7897,0
7898,1
7899,0
7900,1
7901,1
7902,0
7903,1
7904,1
7905,0
7906,1
7907,0
7908,0
7909,0
7910,0
7911,0
7912,1
7913,1
7914,0
7915,0
7916,0
7917,0
7918,1
7919,1
7920,1
7921,1
7922,1
7923,1
7924,1
7925,1
7926,1
7927,0
7928,1
7929,1
7930,0
7931,0
7932,1
7933,0
7934,1
7935,0
7936,1
7937,0
7938,1
7939,0
7940,1
7941,1
7942,1
7943,0
7944,0
7945,0
7946,0
7947,1
7948,1
7949,1
7950,1
7951,0
7952,0
7953,0
7954,0
7955,1
7956,1
7957,1
7958,1
7959,0
7960,0
7961,0
7962,1
7963,0
7964,1
7965,1
7966,1
7967,0
7968,1
7969,1
7970,1
7971,1
7972,0
7973,1
7974,1
7975,0
7976,1
7977,1
7978,1
7979,1
7980,0
7981,0
7982,1
7983,0
7984,0
7985,1
7986,1
7987,0
7988,1
7989,1
7990,0
7991,0
7992,0
7993,0
7994,1
7995,1
7996,0
7997,1
7998,0
7999,1
8000,0
8001,0
8002,1
8003,1
8004,0
8005,1
8006,1
8007,1
8008,1
8009,1
8010,1
8011,1
8012,1
8013,1
8014,1
8015,0
8016,1
8017,0
8018,1
8019,1
8020,1
8021,0
8022,0
8023,0
8024,1
8025,1
8026,1
8027,0
8028,1
8029,1
8030,0
8031,1
8032,1
8033,0
8034,1
8035,1
8036,0
8037,0
8038,0
8039,0
8040,0
8041,0
8042,0
8043,1
8044,0
8045,0
8046,1
8047,1
8048,1
8049,0
8050,1
8051,0
8052,0
8053,1
8054,0
8055,1
8056,0
8057,1
8058,1
8059,1
8060,0
8061,1
8062,1
8063,1
8064,1
8065,1
8066,1
8067,0
8068,1
8069,1
8070,1
8071,1
8072,1
8073,1
8074,0
8075,1
8076,1
8077,1
8078,1
8079,0
8080,1
8081,1
8082,1
8083,1
8084,0
8085,1
8086,1
8087,1
8088,0
8089,1
8090,1
8091,1
8092,1
8093,1
8094,0
8095,1
8096,1
8097,1
8098,1
8099,1
8100,0
8101,1
8102,0
8103,1
8104,1
8105,1
8106,1
8107,1
8108,1
8109,1
8110,1
8111,1
8112,1
8113,0
8114,1
8115,1
8116,1
8117,1
8118,1
8119,0
8120,0
8121,0
8122,1
8123,1
8124,1
8125,1
8126,1
8127,0
8128,0
8129,0
8130,1
8131,1
8132,0
8133,1
8134,1
8135,1
8136,1
8137,1
8138,0
8139,1
8140,0
8141,1
8142,0
8143,1
8144,0
8145,0
8146,1
8147,1
8148,0
8149,0
8150,1
8151,0
8152,1
8153,1
8154,1
8155,0
8156,1
8157,1
8158,1
8159,1
8160,0
8161,0
8162,1
8163,1
8164,0
8165,1
8166,0
8167,1
8168,0
8169,0
8170,1
8171,1
8172,0
8173,1
8174,0
8175,1
8176,1
8177,1
8178,1
8179,0
8180,1
8181,1
8182,0
8183,1
8184,1
8185,1
8186,0
8187,1
8188,1
8189,0
8190,1
8191,0
8192,0
8193,1
8194,1
8195,1
8196,1
8197,0
8198,0
8199,1
8200,1
8201,1
8202,1
8203,1
8204,1
8205,1
8206,0
8207,1
8208,1
8209,1
8210,1
8211,0
8212,1
8213,0
8214,0
8215,0
8216,1
8217,0
8218,0
8219,1
8220,1
8221,1
8222,1
8223,1
8224,1
8225,0
8226,1
8227,1
8228,0
8229,1
8230,1
8231,0
8232,0
8233,1
8234,1
8235,0
8236,0
8237,1
8238,0
8239,1
8240,1
8241,1
8242,0
8243,1
8244,0
8245,0
8246,0
8247,1
8248,1
8249,1
8250,0
8251,1
8252,1
8253,1
8254,1
8255,0
8256,1
8257,1
8258,1
8259,0
8260,1
8261,0
8262,0
8263,1
8264,1
8265,0
8266,1
8267,1
8268,1
8269,0
8270,0
8271,0
8272,1
8273,1
8274,0
8275,1
8276,1
8277,1
8278,0
8279,0
8280,1
8281,1
8282,1
8283,1
8284,1
8285,0
8286,1
8287,1
8288,1
8289,0
8290,1
8291,0
8292,0
8293,1
8294,1
8295,1
8296,0
8297,1
8298,0
8299,1
8300,0
8301,0
8302,1
8303,1
8304,0
8305,1
8306,1
8307,0
8308,1
8309,1
8310,1
8311,0
8312,1
8313,1
8314,0
8315,1
8316,0
8317,1
8318,0
8319,1
8320,1
8321,1
8322,0
8323,1
8324,1
8325,1
8326,1
8327,1
8328,1
8329,0
8330,0
8331,0
8332,1
8333,0
8334,1
8335,0
8336,1
8337,0
8338,0
8339,1
8340,1
8341,0
8342,1
8343,1
8344,1
8345,0
8346,0
8347,1
8348,0
8349,1
8350,0
8351,1
8352,0
8353,0
8354,0
8355,1
8356,1
8357,1
8358,0
8359,0
8360,1
8361,1
8362,1
8363,1
8364,0
8365,1
8366,1
8367,1
8368,0
8369,0
8370,1
8371,1
8372,1
8373,1
8374,0
8375,1
8376,0
8377,1
8378,0
8379,1
8380,0
8381,0
8382,0
8383,0
8384,1
8385,1
8386,0
8387,0
8388,1
8389,0
8390,1
8391,1
8392,1
8393,0
8394,0
8395,1
8396,0
8397,0
8398,0
8399,1
8400,1
8401,0
8402,1
8403,0
8404,0
8405,0
8406,0
8407,1
8408,0
8409,1
8410,0
8411,0
8412,1
8413,0
8414,1
8415,1
8416,0
8417,0
8418,0
8419,1
8420,1
8421,1
8422,1
8423,1
8424,1
8425,0
8426,1
8427,1
8428,1
8429,0
8430,1
8431,0
8432,0
8433,0
8434,1
8435,1
8436,1
8437,1
8438,1
8439,0
8440,0
8441,0
8442,0
8443,1
8444,0
8445,1
8446,1
8447,1
8448,0
8449,1
8450,1
8451,0
8452,1
8453,1
8454,1
8455,1
8456,0
8457,0
8458,1
8459,1
8460,1
8461,0
8462,1
8463,1
8464,0
8465,0
8466,0
8467,0
8468,1
8469,1
8470,1
8471,0
8472,1
8473,1
8474,0
8475,0
8476,1
8477,0
8478,1
8479,1
8480,1
8481,1
8482,0
8483,1
8484,0
8485,1
8486,1
8487,1
8488,0
8489,1
8490,1
8491,1
8492,1
8493,0
8494,1
8495,0
8496,0
8497,1
8498,1
8499,1
8500,1
8501,0
8502,0
8503,0
8504,1
8505,1
8506,1
8507,1
8508,0
8509,1
8510,1
8511,1
8512,1
8513,1
8514,1
8515,1
8516,0
8517,0
8518,1
8519,0
8520,1
8521,1
8522,1
8523,1
8524,1
8525,0
8526,0
8527,1
8528,1
8529,0
8530,0
8531,0
8532,0
8533,0
8534,1
8535,0
8536,1
8537,0
8538,1
8539,1
8540,1
8541,1
8542,1
8543,1
8544,1
8545,1
8546,1
8547,0
8548,1
8549,1
8550,1
8551,0
8552,1
8553,0
8554,0
8555,0
8556,1
8557,1
8558,0
8559,0
8560,0
8561,0
8562,0
8563,0
8564,1
8565,0
8566,1
8567,0
8568,1
8569,1
8570,1
8571,1
8572,0
8573,0
8574,1
8575,0
8576,0
8577,0
8578,1
8579,1
8580,0
8581,1
8582,1
8583,1
8584,0
8585,1
8586,1
8587,1
8588,1
8589,1
8590,1
8591,0
8592,1
8593,1
8594,0
8595,0
8596,1
8597,1
8598,1
8599,1
8600,0
8601,0
8602,1
8603,0
8604,1
8605,1
8606,1
8607,1
8608,1
8609,1
8610,1
8611,1
8612,1
8613,1
8614,1
8615,1
8616,1
8617,0
8618,1
8619,0
8620,0
8621,0
8622,1
8623,1
8624,1
8625,0
8626,1
8627,0
8628,1
8629,1
8630,1
8631,1
8632,1
8633,1
8634,1
8635,1
8636,1
8637,0
8638,1
8639,1
8640,1
8641,1
8642,1
8643,1
8644,1
8645,0
8646,1
8647,1
8648,1
8649,0
8650,1
8651,1
8652,1
8653,0
8654,1
8655,1
8656,1
8657,1
8658,1
8659,0
8660,1
8661,1
8662,1
8663,1
8664,1
8665,1
8666,1
8667,0
8668,1
8669,1
8670,0
8671,1
8672,1
8673,1
8674,1
8675,1
8676,1
8677,1
8678,0
8679,1
8680,1
8681,1
8682,0
8683,1
8684,1
8685,0
8686,0
8687,0
8688,0
8689,1
8690,1
8691,1
8692,0
8693,1
8694,0
8695,1
8696,0
8697,1
8698,1
8699,0
8700,1
8701,0
8702,0
8703,0
8704,1
8705,0
8706,1
8707,1
8708,1
8709,0
8710,0
8711,1
8712,1
8713,1
8714,1
8715,1
8716,1
8717,1
8718,1
8719,0
8720,1
8721,1
8722,0
8723,1
8724,0
8725,1
8726,0
8727,1
8728,1
8729,0
8730,1
8731,0
8732,1
8733,1
8734,1
8735,1
8736,0
8737,1
8738,1
8739,0
8740,1
8741,1
8742,1
8743,1
8744,1
8745,1
8746,1
8747,1
8748,0
8749,1
8750,1
8751,1
8752,0
8753,1
8754,1
8755,0
8756,0
8757,0
8758,1
8759,1
8760,0
8761,1
8762,1
8763,0
8764,1
8765,1
8766,1
8767,0
8768,1
8769,0
8770,1
8771,0
8772,0
8773,0
8774,1
8775,0
8776,0
8777,0
8778,1
8779,0
8780,0
8781,0
8782,1
8783,1
8784,0
8785,1
8786,1
8787,1
8788,1
8789,1
8790,1
8791,1
8792,1
8793,1
8794,1
8795,0
8796,1
8797,1
8798,0
8799,1
8800,1
8801,1
8802,0
8803,1
8804,0
8805,1
8806,1
8807,1
8808,1
8809,0
8810,0
8811,0
8812,1
8813,0
8814,1
8815,1
8816,1
8817,1
8818,1
8819,1
8820,0
8821,0
8822,0
8823,1
8824,0
8825,0
8826,0
8827,1
8828,1
8829,0
8830,0
8831,1
8832,1
8833,1
8834,0
8835,1
8836,1
8837,1
8838,0
8839,0
8840,1
8841,1
8842,1
8843,1
8844,0
8845,1
8846,0
8847,1
8848,1
8849,1
8850,0
8851,1
8852,0
8853,1
8854,1
8855,1
8856,1
8857,1
8858,0
8859,1
8860,1
8861,0
8862,1
8863,0
8864,1
8865,1
8866,1
8867,0
8868,0
8869,1
8870,1
8871,1
8872,1
8873,0
8874,1
8875,1
8876,1
8877,1
8878,1
8879,0
8880,1
8881,0
8882,1
8883,1
8884,1
8885,1
8886,1
8887,0
8888,1
8889,0
8890,1
8891,0
8892,0
8893,1
8894,0
8895,0
8896,1
8897,0
8898,0
8899,1
8900,0
8901,1
8902,0
8903,1
8904,1
8905,1
8906,0
8907,1
8908,0
8909,0
8910,1
8911,0
8912,0
8913,1
8914,1
8915,1
8916,0
8917,0
8918,1
8919,1
8920,1
8921,1
8922,0
8923,1
8924,0
8925,0
8926,1
8927,0
8928,0
8929,1
8930,0
8931,0
8932,1
8933,1
8934,1
8935,1
8936,1
8937,1
8938,1
8939,1
8940,0
8941,1
8942,1
8943,1
8944,1
8945,1
8946,1
8947,1
8948,1
8949,1
8950,1
8951,1
8952,0
8953,1
8954,0
8955,0
8956,0
8957,1
8958,1
8959,1
8960,1
8961,1
8962,1
8963,0
8964,0
8965,1
8966,1
8967,0
8968,1
8969,1
8970,0
8971,1
8972,0
8973,1
8974,0
8975,1
8976,1
8977,1
8978,1
8979,0
8980,1
8981,1
8982,0
8983,1
8984,0
8985,0
8986,1
8987,1
8988,0
8989,1
8990,0
8991,1
8992,1
8993,1
8994,1
8995,0
8996,1
8997,1
8998,1
8999,0
9000,1
9001,1
9002,1
9003,1
9004,0
9005,1
9006,1
9007,1
9008,0
9009,1
9010,0
9011,1
9012,0
9013,0
9014,0
9015,1
9016,1
9017,1
9018,1
9019,1
9020,0
9021,0
9022,0
9023,1
9024,0
9025,1
9026,1
9027,1
9028,0
9029,1
9030,1
9031,1
9032,1
9033,1
9034,1
9035,1
9036,1
9037,1
9038,1
9039,0
9040,1
9041,0
9042,1
9043,1
9044,1
9045,1
9046,1
9047,1
9048,1
9049,1
9050,1
9051,1
9052,0
9053,1
9054,1
9055,1
9056,1
9057,0
9058,0
9059,1
9060,0
9061,0
9062,0
9063,0
9064,1
9065,0
9066,0
9067,1
9068,1
9069,0
9070,1
9071,0
9072,1
9073,1
9074,1
9075,0
9076,1
9077,1
9078,1
9079,1
9080,1
9081,0
9082,0
9083,0
9084,0
9085,1
9086,1
9087,0
9088,1
9089,1
9090,1
9091,0
9092,1
9093,0
9094,1
9095,0
9096,0
9097,0
9098,1
9099,1
9100,0
9101,1
9102,0
9103,1
9104,1
9105,1
9106,1
9107,1
9108,0
9109,0
9110,0
9111,0
9112,1
9113,1
9114,1
9115,1
9116,0
9117,1
9118,1
9119,1
9120,1
9121,0
9122,1
9123,0
9124,0
9125,1
9126,1
9127,1
9128,0
9129,1
9130,0
9131,1
9132,1
9133,1
9134,1
9135,0
9136,1
9137,1
9138,0
9139,1
9140,0
9141,1
9142,1
9143,1
9144,0
9145,1
9146,1
9147,1
9148,1
9149,1
9150,0
9151,1
9152,1
9153,0
9154,1
9155,1
9156,0
9157,1
9158,1
9159,1
9160,1
9161,1
9162,1
9163,1
9164,1
9165,1
9166,1
9167,0
9168,0
9169,1
9170,1
9171,1
9172,1
9173,1
9174,1
9175,0
9176,1
9177,1
9178,0
9179,0
9180,1
9181,0
9182,1
9183,1
9184,1
9185,0
9186,0
9187,0
9188,0
9189,1
9190,1
9191,1
9192,1
9193,1
9194,1
9195,1
9196,0
9197,1
9198,1
9199,1
9200,1
9201,0
9202,0
9203,0
9204,0
9205,0
9206,1
9207,0
9208,1
9209,1
9210,1
9211,0
9212,1
9213,0
9214,0
9215,0
9216,0
9217,0
9218,0
9219,1
9220,1
9221,1
9222,1
9223,1
9224,0
9225,0
9226,0
9227,0
9228,1
9229,1
9230,0
9231,0
9232,1
9233,1
9234,1
9235,1
9236,1
9237,0
9238,1
9239,0
9240,0
9241,1
9242,1
9243,1
9244,0
9245,1
9246,1
9247,1
9248,1
9249,1
9250,0
9251,0
9252,1
9253,1
9254,0
9255,1
9256,0
9257,0
9258,0
9259,0
9260,1
9261,0
9262,1
9263,0
9264,1
9265,1
9266,1
9267,0
9268,0
9269,1
9270,1
9271,0
9272,1
9273,1
9274,1
9275,0
9276,1
9277,1
9278,0
9279,1
9280,0
9281,1
9282,1
9283,0
9284,1
9285,0
9286,1
9287,0
9288,1
9289,1
9290,1
9291,0
9292,0
9293,0
9294,0
9295,0
9296,0
9297,0
9298,0
9299,0
9300,1
9301,1
9302,1
9303,0
9304,1
9305,1
9306,1
9307,0
9308,0
9309,1
9310,1
9311,1
9312,0
9313,0
9314,1
9315,0
9316,0
9317,1
9318,1
9319,1
9320,1
9321,0
9322,0
9323,1
9324,0
9325,1
9326,1
9327,1
9328,1
9329,0
9330,1
9331,0
9332,1
9333,1
9334,1
9335,1
9336,1
9337,1
9338,1
9339,1
9340,1
9341,1
9342,1
9343,0
9344,0
9345,1
9346,1
9347,0
9348,0
9349,1
9350,0
9351,0
9352,1
9353,0
9354,1
9355,0
9356,1
9357,1
9358,1
9359,1
9360,0
9361,1
9362,0
9363,1
9364,1
9365,1
9366,0
9367,0
9368,1
9369,0
9370,1
9371,1
9372,1
9373,1
9374,0
9375,1
9376,1
9377,1
9378,1
9379,0
9380,1
9381,1
9382,1
9383,1
9384,1
9385,1
9386,0
9387,1
9388,0
9389,1
9390,0
9391,0
9392,1
9393,1
9394,1
9395,1
9396,1
9397,1
9398,1
9399,1
9400,1
9401,1
9402,1
9403,0
9404,1
9405,1
9406,1
9407,0
9408,1
9409,0
9410,1
9411,0
9412,1
9413,1
9414,1
9415,0
9416,1
9417,1
9418,1
9419,1
9420,1
9421,1
9422,0
9423,0
9424,0
9425,1
9426,0
9427,0
9428,0
9429,1
9430,1
9431,0
9432,1
9433,0
9434,0
9435,1
9436,1
9437,0
9438,1
9439,1
9440,0
9441,1
9442,0
9443,0
9444,1
9445,1
9446,1
9447,0
9448,1
9449,1
9450,0
9451,0
9452,0
9453,1
9454,0
9455,1
9456,0
9457,0
9458,1
9459,1
9460,1
9461,0
9462,1
9463,1
9464,0
9465,1
9466,1
9467,1
9468,0
9469,1
9470,0
9471,1
9472,1
9473,0
9474,0
9475,1
9476,1
9477,0
9478,1
9479,1
9480,0
9481,1
9482,1
9483,0
9484,1
9485,1
9486,1
9487,1
9488,0
9489,1
9490,0
9491,1
9492,1
9493,0
9494,0
9495,1
9496,0
9497,1
9498,1
9499,0
9500,1
9501,1
9502,1
9503,0
9504,1
9505,1
9506,1
9507,1
9508,1
9509,1
9510,1
9511,1
9512,0
9513,0
9514,0
9515,0
9516,0
9517,1
9518,1
9519,0
9520,1
9521,0
9522,1
9523,1
9524,0
9525,1
9526,0
9527,1
9528,1
9529,0
9530,0
9531,1
9532,0
9533,1
9534,1
9535,1
9536,0
9537,1
9538,1
9539,0
9540,0
9541,0
9542,1
9543,1
9544,1
9545,1
9546,1
9547,1
9548,1
9549,0
9550,1
9551,1
9552,0
9553,1
9554,0
9555,0
9556,0
9557,1
9558,0
9559,0
9560,1
9561,1
9562,0
9563,0
9564,0
9565,1
9566,1
9567,1
9568,1
9569,1
9570,0
9571,0
9572,0
9573,1
9574,1
9575,1
9576,1
9577,1
9578,1
9579,1
9580,1
9581,1
9582,1
9583,1
9584,1
9585,1
9586,1
9587,1
9588,0
9589,1
9590,1
9591,1
9592,0
9593,1
9594,1
9595,1
9596,0
9597,0
9598,0
9599,1
9600,0
9601,1
9602,0
9603,1
9604,1
9605,1
9606,0
9607,0
9608,1
9609,1
9610,1
9611,0
9612,1
9613,0
9614,0
9615,0
9616,1
9617,1
9618,1
9619,1
9620,1
9621,1
9622,1
9623,1
9624,1
9625,0
9626,0
9627,0
9628,1
9629,1
9630,1
9631,0
9632,0
9633,1
9634,1
9635,1
9636,1
9637,1
9638,1
9639,0
9640,1
9641,1
9642,1
9643,1
9644,1
9645,0
9646,1
9647,1
9648,1
9649,0
9650,1
9651,0
9652,0
9653,1
9654,1
9655,0
9656,0
9657,1
9658,1
9659,0
9660,0
9661,0
9662,1
9663,1
9664,1
9665,1
9666,1
9667,1
9668,1
9669,1
9670,1
9671,1
9672,0
9673,1
9674,1
9675,1
9676,1
9677,1
9678,1
9679,1
9680,1
9681,1
9682,1
9683,1
9684,1
9685,1
9686,1
9687,1
9688,0
9689,0
9690,1
9691,1
9692,0
9693,1
9694,0
9695,1
9696,0
9697,1
9698,0
9699,1
9700,0
9701,1
9702,0
9703,1
9704,0
9705,1
9706,0
9707,1
9708,1
9709,1
9710,1
9711,0
9712,1
9713,1
9714,1
9715,0
9716,1
9717,1
9718,1
9719,1
9720,0
9721,1
9722,0
9723,1
9724,1
9725,1
9726,1
9727,1
9728,1
9729,1
9730,1
9731,1
9732,1
9733,0
9734,1
9735,1
9736,1
9737,1
9738,1
9739,1
9740,1
9741,1
9742,1
9743,1
9744,1
9745,1
9746,1
9747,1
9748,0
9749,1
9750,1
9751,0
9752,1
9753,0
9754,1
9755,1
9756,0
9757,1
9758,1
9759,0
9760,1
9761,0
9762,0
9763,1
9764,0
9765,0
9766,1
9767,0
9768,1
9769,1
9770,0
9771,0
9772,1
9773,1
9774,1
9775,1
9776,1
9777,1
9778,1
9779,0
9780,0
9781,1
9782,1
9783,0
9784,1
9785,1
9786,1
9787,1
9788,0
9789,1
9790,1
9791,1
9792,1
9793,1
9794,1
9795,1
9796,0
9797,1
9798,1
9799,0
9800,1
9801,1
9802,1
9803,1
9804,1
9805,0
9806,0
9807,1
9808,0
9809,1
9810,1
9811,0
9812,0
9813,0
9814,0
9815,0
9816,1
9817,1
9818,1
9819,1
9820,1
9821,0
9822,0
9823,0
9824,0
9825,1
9826,1
9827,1
9828,1
9829,0
9830,1
9831,0
9832,1
9833,0
9834,1
9835,0
9836,1
9837,1
9838,1
9839,1
9840,0
9841,1
9842,1
9843,0
9844,1
9845,0
9846,1
9847,1
9848,1
9849,1
9850,0
9851,1
9852,1
9853,1
9854,1
9855,1
9856,1
9857,0
9858,0
9859,1
9860,1
9861,1
9862,0
9863,1
9864,0
9865,1
9866,1
9867,1
9868,1
9869,0
9870,1
9871,1
